<?xml version="1.0" encoding="UTF-8"?>

<ActivityDefinition xmlns="http://hl7.org/fhir">
  <id value="activity-definition-example-pht004678.v1.p1"/>
  <text>
    <status value="generated"/><div xmlns="http://www.w3.org/1999/xhtml"><p><b>Generated Narrative</b></p><p><b>url</b>: <code>https://nih-NCPI.github.io/ncpi-dd-on-fhir-ig/ActivityDefinition/activity-definition-example-pht004678.v1.p1</code></p><p><b>version</b>: 0.1.0</p><p><b>name</b>: pht004678.v1.p1_vars</p><p><b>title</b>: Variables for table pht004678.v1.p1</p><p><b>status</b>: draft</p><p><b>date</b>: Sep 14, 2021 10:17:05 PM</p><p><b>publisher</b>: NCPI FHIR Working Group</p><p><b>contact</b>: NCPI FHIR Working Group: <a href="https://github.com/nih-NCPI">https://github.com/nih-NCPI</a>, Eric Torstenson: <a href="mailto:eric.s.torstenson@vumc.org">eric.s.torstenson@vumc.org</a></p><p><b>topic</b>: <span title="Codes: {https://uts.nlm.nih.gov/uts/umls C0035168}">Research</span></p><p><b>observationResultRequirement</b>: </p><ul><li><a href="ObservationDefinition-observation-definition-example-phv00225961.html">Generated Summary: <span title="Codes: {https://www.ncbi.nlm.nih.gov/projects/gap/cgi-bin/dataset.cgi?study_id=phs000888.v1.p1&amp;pht=4678 phv00225961.v1.p1}">SUBJID</span>; permittedDataType: integer</a></li><li><a href="ObservationDefinition-observation-definition-example-phv00225962.html">Generated Summary: <span title="Codes: {https://www.ncbi.nlm.nih.gov/projects/gap/cgi-bin/dataset.cgi?study_id=phs000888.v1.p1&amp;pht=4678 phv00225962.v1.p1}">SEX</span>; permittedDataType: CodeableConcept</a></li><li><a href="ObservationDefinition-observation-definition-example-phv00225963.v1.p1.html">Generated Summary: <span title="Codes: {https://www.ncbi.nlm.nih.gov/projects/gap/cgi-bin/dataset.cgi?study_id=phs000888.v1.p1&amp;pht=4678 phv00225963.v1.p1}">DECADE_BIRTH</span>; permittedDataType: CodeableConcept</a></li><li><a href="ObservationDefinition-observation-definition-example-phv00225964.v1.p1.html">Generated Summary: <span title="Codes: {https://www.ncbi.nlm.nih.gov/projects/gap/cgi-bin/dataset.cgi?study_id=phs000888.v1.p1&amp;pht=4678 phv00225964.v1.p1}">YEAR_BIRTH</span>; permittedDataType: integer</a></li><li><a href="ObservationDefinition-observation-definition-example-phv00225967.html">Generated Summary: <span title="Codes: {https://www.ncbi.nlm.nih.gov/projects/gap/cgi-bin/dataset.cgi?study_id=phs000888.v1.p1&amp;pht=4678 phv00225967.v1.p1}">CASE_CONTROL_AAA</span>; permittedDataType: CodeableConcept</a></li><li><a href="ObservationDefinition-observation-definition-example-phv00225968.html">Generated Summary: <span title="Codes: {https://www.ncbi.nlm.nih.gov/projects/gap/cgi-bin/dataset.cgi?study_id=phs000888.v1.p1&amp;pht=4678 phv00225968.v1.p1}">CASE_CONTROL_ACEI</span>; permittedDataType: CodeableConcept</a></li><li><a href="ObservationDefinition-observation-definition-example-phv00225969.html">Generated Summary: <span title="Codes: {https://www.ncbi.nlm.nih.gov/projects/gap/cgi-bin/dataset.cgi?study_id=phs000888.v1.p1&amp;pht=4678 phv00225969.v1.p1}">CASE_CONTROL_ADHD</span>; permittedDataType: CodeableConcept</a></li><li><a href="ObservationDefinition-observation-definition-example-phv00226013.html">Generated Summary: <span title="Codes: {https://www.ncbi.nlm.nih.gov/projects/gap/cgi-bin/dataset.cgi?study_id=phs000888.v1.p1&amp;pht=4680 phv00226013.v1.p1}">SUBJID</span>; permittedDataType: integer</a></li><li><a href="ObservationDefinition-observation-definition-example-phv00226014.html">Generated Summary: <span title="Codes: {https://www.ncbi.nlm.nih.gov/projects/gap/cgi-bin/dataset.cgi?study_id=phs000888.v1.p1&amp;pht=4680 phv00226014.v1.p1}">WEIGHT</span>; permittedDataType: Quantity</a></li><li><a href="ObservationDefinition-observation-definition-example-phv00226015.html">Generated Summary: <span title="Codes: {https://www.ncbi.nlm.nih.gov/projects/gap/cgi-bin/dataset.cgi?study_id=phs000888.v1.p1&amp;pht=4680 phv00226015.v1.p1}">HEIGHT</span>; permittedDataType: Quantity</a></li><li><a href="ObservationDefinition-observation-definition-example-phv00226016.html">Generated Summary: <span title="Codes: {https://www.ncbi.nlm.nih.gov/projects/gap/cgi-bin/dataset.cgi?study_id=phs000888.v1.p1&amp;pht=4680 phv00226016.v1.p1}">BODY_MASS_INDEX</span>; permittedDataType: Quantity</a></li></ul></div>
  </text>
  <url value="https://nih-NCPI.github.io/ncpi-dd-on-fhir-ig/ActivityDefinition/activity-definition-example-pht004678.v1.p1"/>
  <version value="0.1.0"/>
  <name value="pht004678.v1.p1_vars"/>
  <title value="Variables for table pht004678.v1.p1"/>
  <status value="draft"/>
  <date value="2021-09-14T22:17:05+00:00"/>
  <publisher value="NCPI FHIR Working Group"/>
  <contact>
    <name value="NCPI FHIR Working Group"/>
    <telecom>
      <system value="url"/>
      <value value="https://github.com/nih-NCPI"/>
    </telecom>
  </contact>
  <contact>
    <name value="Eric Torstenson"/>
    <telecom>
      <system value="email"/>
      <value value="eric.s.torstenson@vumc.org"/>
      <use value="work"/>
    </telecom>
  </contact>
  <topic>
    <coding>
      <system value="https://uts.nlm.nih.gov/uts/umls"/>
      <code value="C0035168"/>
      <display value="Research"/>
    </coding>
  </topic>
  <observationResultRequirement>
    <reference value="ObservationDefinition/observation-definition-example-phv00225961"/>
  </observationResultRequirement>
  <observationResultRequirement>
    <reference value="ObservationDefinition/observation-definition-example-phv00225962"/>
  </observationResultRequirement>
  <observationResultRequirement>
    <reference value="ObservationDefinition/observation-definition-example-phv00225963.v1.p1"/>
  </observationResultRequirement>
  <observationResultRequirement>
    <reference value="ObservationDefinition/observation-definition-example-phv00225964.v1.p1"/>
  </observationResultRequirement>
  <observationResultRequirement>
    <reference value="ObservationDefinition/observation-definition-example-phv00225967"/>
  </observationResultRequirement>
  <observationResultRequirement>
    <reference value="ObservationDefinition/observation-definition-example-phv00225968"/>
  </observationResultRequirement>
  <observationResultRequirement>
    <reference value="ObservationDefinition/observation-definition-example-phv00225969"/>
  </observationResultRequirement>
  <observationResultRequirement>
    <reference value="ObservationDefinition/observation-definition-example-phv00226013"/>
  </observationResultRequirement>
  <observationResultRequirement>
    <reference value="ObservationDefinition/observation-definition-example-phv00226014"/>
  </observationResultRequirement>
  <observationResultRequirement>
    <reference value="ObservationDefinition/observation-definition-example-phv00226015"/>
  </observationResultRequirement>
  <observationResultRequirement>
    <reference value="ObservationDefinition/observation-definition-example-phv00226016"/>
  </observationResultRequirement>
</ActivityDefinition>