<?xml version="1.0" encoding="UTF-8"?>

<ObservationDefinition xmlns="http://hl7.org/fhir">
  <id value="observation-definition-example-phv00225962"/>
  <text>
    <status value="generated"/><div xmlns="http://www.w3.org/1999/xhtml"><p><b>Generated Narrative</b></p><p><b>code</b>: <span title="Codes: {https://www.ncbi.nlm.nih.gov/projects/gap/cgi-bin/dataset.cgi?study_id=phs000888.v1.p1&amp;pht=4678 phv00225962.v1.p1}">SEX</span></p><p><b>permittedDataType</b>: CodeableConcept</p><p><b>validCodedValueSet</b>: <a href="ValueSet-phv00225962-vs.html">Generated Summary: url: https://nih-NCPI.github.io/ncpi-dd-on-fhir-ig/ValueSet/phv00225962-vs; version: 0.1.0; name: Phv00225962_vs; title: Values_for_Phv00225962; status: active; date: Sep 14, 2021 10:17:07 PM; publisher: NCPI FHIR Working Group; NCPI FHIR Working Group: https://github.com/nih-NCPI, Eric Torstenson: eric.s.torstenson@vumc.org; description: Values allowed for Phv00225962</a></p></div>
  </text>
  <code>
    <coding>
      <system value="https://www.ncbi.nlm.nih.gov/projects/gap/cgi-bin/dataset.cgi?study_id=phs000888.v1.p1&amp;pht=4678"/>
      <code value="phv00225962.v1.p1"/>
      <display value="SEX"/>
    </coding>
  </code>
  <permittedDataType value="CodeableConcept"/>
  <validCodedValueSet>
    <reference value="ValueSet/phv00225962-vs"/>
  </validCodedValueSet>
</ObservationDefinition>