<?xml version="1.0" encoding="UTF-8"?>

<Observation xmlns="http://hl7.org/fhir">
  <id value="observation-pt001-phv00226013"/>
  <text>
    <status value="generated"/><div xmlns="http://www.w3.org/1999/xhtml"><p><b>Generated Narrative</b></p><p></p><p><b>code</b>: <span title="Codes: {https://www.ncbi.nlm.nih.gov/projects/gap/cgi-bin/dataset.cgi?study_id=phs000888.v1.p1&amp;pht=4678 phv00225961.v1.p1}">SUBJID</span></p><p><b>subject</b>: <a href="Patient-patient-example-pt001.html">Generated Summary: </a></p><p><b>value</b>: 490001</p></div>
  </text>
  <status value="final"/>
  <code>
    <coding>
      <system value="https://www.ncbi.nlm.nih.gov/projects/gap/cgi-bin/dataset.cgi?study_id=phs000888.v1.p1&amp;pht=4678"/>
      <code value="phv00225961.v1.p1"/>
    </coding>
  </code>
  <subject>
    <reference value="Patient/patient-example-pt001"/>
  </subject>
  <valueString value="490001"/>
</Observation>