<?xml version="1.0" encoding="UTF-8"?>

<ValueSet xmlns="http://hl7.org/fhir">
  <id value="phv-case-control-vs"/>
  <text>
    <status value="extensions"/><div xmlns="http://www.w3.org/1999/xhtml"><ul><li>Include these codes as defined in <a href="CodeSystem-umls.html"><code>https://uts.nlm.nih.gov/uts/umls</code></a><table class="none"><tr><td style="white-space:nowrap"><b>Code</b></td><td><b>Display</b></td><td><b>Definition</b></td></tr><tr><td>C99269</td><td>Case</td><td>True Case Status</td></tr><tr><td>C99270</td><td>Control</td><td>True Control Status</td></tr><tr><td>C99271</td><td>Probable Case Status</td><td>The participant is a probable case for the phenotype under consideration.</td></tr><tr><td>C99273</td><td>Neither Case or Control Status</td><td>The participant is neither a true case or true control for the phenotype under consideration.</td></tr><tr><td>C99274</td><td>Unable to Assess Case or Control status</td><td>The participant's case/control status could not be assessed.</td></tr></table></li></ul></div>
  </text>
  <url value="https://nih-NCPI.github.io/ncpi-dd-on-fhir-ig/ValueSet/phv-case-control-vs"/>
  <version value="0.1.0"/>
  <name value="Phv_Case_Control_vs"/>
  <title value="Values For Case Control Variables"/>
  <status value="active"/>
  <date value="2021-09-14T22:17:05+00:00"/>
  <publisher value="NCPI FHIR Working Group"/>
  <contact>
    <name value="NCPI FHIR Working Group"/>
    <telecom>
      <system value="url"/>
      <value value="https://github.com/nih-NCPI"/>
    </telecom>
  </contact>
  <contact>
    <name value="Eric Torstenson"/>
    <telecom>
      <system value="email"/>
      <value value="eric.s.torstenson@vumc.org"/>
      <use value="work"/>
    </telecom>
  </contact>
  <description value="Values For Case Control Variables"/>
  <compose>
    <include>
      <system value="https://uts.nlm.nih.gov/uts/umls"/>
      <concept>
        <code value="C99269"/>
        <display value="Case"/>
      </concept>
      <concept>
        <code value="C99270"/>
        <display value="Control"/>
      </concept>
      <concept>
        <code value="C99271"/>
        <display value="Probable Case Status"/>
      </concept>
      <concept>
        <code value="C99273"/>
        <display value="Neither Case or Control Status"/>
      </concept>
      <concept>
        <code value="C99274"/>
        <display value="Unable to Assess Case or Control status"/>
      </concept>
    </include>
  </compose>
</ValueSet>