<?xml version="1.0" encoding="UTF-8"?><ActivityDefinition xmlns="http://hl7.org/fhir"><id value="activity-definition-example-pht004678.v1.p1"/><url value="https://nih-NCPI.github.io/ncpi-dd-on-fhir-ig/ActivityDefinition/activity-definition-example-pht004678.v1.p1"/><version value="0.1.0"/><name value="pht004678.v1.p1_vars"/><title value="Variables for table pht004678.v1.p1"/><status value="draft"/><date value="2021-09-14T22:17:07+00:00"/><publisher value="NCPI FHIR Working Group"/><contact><name value="NCPI FHIR Working Group"/><telecom><system value="url"/><value value="https://github.com/nih-NCPI"/></telecom></contact><contact><name value="Eric Torstenson"/><telecom><system value="email"/><value value="eric.s.torstenson@vumc.org"/><use value="work"/></telecom></contact><topic><coding><system value="https://uts.nlm.nih.gov/uts/umls"/><code value="C0035168"/><display value="Research"/></coding></topic><observationResultRequirement><reference value="ObservationDefinition/observation-definition-example-phv00225961"/></observationResultRequirement><observationResultRequirement><reference value="ObservationDefinition/observation-definition-example-phv00225962"/></observationResultRequirement><observationResultRequirement><reference value="ObservationDefinition/observation-definition-example-phv00225963.v1.p1"/></observationResultRequirement><observationResultRequirement><reference value="ObservationDefinition/observation-definition-example-phv00225964.v1.p1"/></observationResultRequirement><observationResultRequirement><reference value="ObservationDefinition/observation-definition-example-phv00225967"/></observationResultRequirement><observationResultRequirement><reference value="ObservationDefinition/observation-definition-example-phv00225968"/></observationResultRequirement><observationResultRequirement><reference value="ObservationDefinition/observation-definition-example-phv00225969"/></observationResultRequirement><observationResultRequirement><reference value="ObservationDefinition/observation-definition-example-phv00226013"/></observationResultRequirement><observationResultRequirement><reference value="ObservationDefinition/observation-definition-example-phv00226014"/></observationResultRequirement><observationResultRequirement><reference value="ObservationDefinition/observation-definition-example-phv00226015"/></observationResultRequirement><observationResultRequirement><reference value="ObservationDefinition/observation-definition-example-phv00226016"/></observationResultRequirement></ActivityDefinition>