<?xml version="1.0" encoding="UTF-8"?><ValueSet xmlns="http://hl7.org/fhir"><id value="ucum-vs"/><text><status value="generated"/><div xmlns="http://www.w3.org/1999/xhtml"><ul><li>Include all codes defined in <a href="http://unitsofmeasure.org"><code>http://unitsofmeasure.org</code></a></li></ul></div></text><url value="https://nih-NCPI.github.io/ncpi-dd-on-fhir-ig/ValueSet/ucum-vs"/><version value="0.1.0"/><name value="Ucum_VS"/><title value="UCUM Codes"/><status value="draft"/><date value="2021-09-14T22:17:05+00:00"/><publisher value="NCPI FHIR Working Group"/><contact><name value="NCPI FHIR Working Group"/><telecom><system value="url"/><value value="https://github.com/nih-NCPI"/></telecom></contact><contact><name value="Eric Torstenson"/><telecom><system value="email"/><value value="eric.s.torstenson@vumc.org"/><use value="work"/></telecom></contact><description value="Unified Code for Units of Measure"/><compose><include><system value="http://unitsofmeasure.org"/></include></compose></ValueSet>