<?xml version="1.0" encoding="UTF-8"?>

<Group xmlns="http://hl7.org/fhir">
  <id value="research-group-phs000888-all"/>
  <text>
    <status value="generated"/><div xmlns="http://www.w3.org/1999/xhtml"><p><b>Generated Narrative</b></p><p><b>type</b>: person</p><p><b>actual</b>: true</p><p><b>name</b>: all study members</p><p><b>quantity</b>: 1</p><h3>Characteristics</h3><table class="grid"><tr><td>-</td><td><b>Code</b></td><td><b>Value[x]</b></td><td><b>Exclude</b></td></tr><tr><td>*</td><td><span title="Codes: {https://uts.nlm.nih.gov/uts/umls C0947630}">Scientific Study</span></td><td><span title="Codes: {https://www.ncbi.nlm.nih.gov/projects/gap/group-identifier/phs000888 AllSubjects}">All subjects</span></td><td>false</td></tr></table><blockquote><p><b>member</b></p><p><b>entity</b>: <a href="Patient-patient-example-pt001.html">Generated Summary: </a></p></blockquote><blockquote><p><b>member</b></p><p><b>entity</b>: <a href="Patient-patient-example-pt002.html">Generated Summary: </a></p></blockquote><blockquote><p><b>member</b></p><p><b>entity</b>: <a href="Patient-patient-example-pt003.html">Generated Summary: </a></p></blockquote><blockquote><p><b>member</b></p><p><b>entity</b>: <a href="Patient-patient-example-pt004.html">Generated Summary: </a></p></blockquote><blockquote><p><b>member</b></p><p><b>entity</b>: <a href="Patient-patient-example-pt005.html">Generated Summary: </a></p></blockquote></div>
  </text>
  <type value="person"/>
  <actual value="true"/>
  <name value="all study members"/>
  <quantity value="1"/>
  <characteristic>
    <code>
      <coding>
        <system value="https://uts.nlm.nih.gov/uts/umls"/>
        <code value="C0947630"/>
        <display value="Scientific Study"/>
      </coding>
    </code>
    <valueCodeableConcept>
      <coding>
        <system value="https://www.ncbi.nlm.nih.gov/projects/gap/group-identifier/phs000888"/>
        <code value="AllSubjects"/>
      </coding>
    </valueCodeableConcept>
    <exclude value="false"/>
  </characteristic>
  <member>
    <entity>
      <reference value="Patient/patient-example-pt001"/>
    </entity>
  </member>
  <member>
    <entity>
      <reference value="Patient/patient-example-pt002"/>
    </entity>
  </member>
  <member>
    <entity>
      <reference value="Patient/patient-example-pt003"/>
    </entity>
  </member>
  <member>
    <entity>
      <reference value="Patient/patient-example-pt004"/>
    </entity>
  </member>
  <member>
    <entity>
      <reference value="Patient/patient-example-pt005"/>
    </entity>
  </member>
</Group>