<?xml version="1.0" encoding="UTF-8"?>

<Observation xmlns="http://hl7.org/fhir">
  <id value="observation-pt001-phv00225967"/>
  <text>
    <status value="generated"/><div xmlns="http://www.w3.org/1999/xhtml"><p><b>Generated Narrative</b></p><p></p><p><b>code</b>: <span title="Codes: {https://www.ncbi.nlm.nih.gov/projects/gap/cgi-bin/dataset.cgi?study_id=phs000888.v1.p1&amp;pht=4678 phv00225967.v1.p1}, {http://snomed.info/sct 233985008}, {https://uts.nlm.nih.gov/uts/umls C0162871}, {http://loinc.org 58266-8}">CASE_CONTROL_AAA</span></p><p><b>subject</b>: <a href="Patient-patient-example-pt001.html">Generated Summary: </a></p><p><b>value</b>: <span title="Codes: {https://uts.nlm.nih.gov/uts/umls C99269}">Case</span></p></div>
  </text>
  <status value="final"/>
  <code>
    <coding>
      <system value="https://www.ncbi.nlm.nih.gov/projects/gap/cgi-bin/dataset.cgi?study_id=phs000888.v1.p1&amp;pht=4678"/>
      <code value="phv00225967.v1.p1"/>
      <display value="CASE_CONTROL_AAA"/>
    </coding>
    <coding>
      <system value="http://snomed.info/sct"/>
      <code value="233985008"/>
      <display value="Abdominal aortic aneurysm"/>
    </coding>
    <coding>
      <system value="https://uts.nlm.nih.gov/uts/umls"/>
      <code value="C0162871"/>
      <display value="Abdominal aortic aneurysm"/>
    </coding>
    <coding>
      <system value="http://loinc.org"/>
      <code value="58266-8"/>
      <display value="Ever diagnosed by a doctor as having an abdominal aortic aneurysm"/>
    </coding>
  </code>
  <subject>
    <reference value="Patient/patient-example-pt001"/>
  </subject>
  <valueCodeableConcept>
    <coding>
      <system value="https://uts.nlm.nih.gov/uts/umls"/>
      <code value="C99269"/>
      <display value="Case"/>
    </coding>
  </valueCodeableConcept>
</Observation>