{
  "resourceType": "Observation",
  "id": "observation-pt002-phv00226014",
  "text": {
    "status": "generated",
    "div": "<div xmlns=\"http://www.w3.org/1999/xhtml\"><p><b>Generated Narrative</b></p><p></p><p><b>code</b>: <span title=\"Codes: {https://www.ncbi.nlm.nih.gov/projects/gap/cgi-bin/dataset.cgi?study_id=phs000888.v1.p1&amp;pht=4680 phv00226014.v1.p1}, {https://uts.nlm.nih.gov/uts/umls C0005910}, {http://loinc.org 29463-7}\">WEIGHT</span></p><p><b>subject</b>: <a href=\"Patient-patient-example-pt002.html\">Generated Summary: </a></p><p><b>value</b>: 68.5 kg</p></div>"
  },
  "status": "final",
  "code": {
    "coding": [
      {
        "system": "https://www.ncbi.nlm.nih.gov/projects/gap/cgi-bin/dataset.cgi?study_id=phs000888.v1.p1&pht=4680",
        "code": "phv00226014.v1.p1",
        "display": "WEIGHT"
      },
      {
        "system": "https://uts.nlm.nih.gov/uts/umls",
        "code": "C0005910",
        "display": "Body Weight"
      },
      {
        "system": "http://loinc.org",
        "code": "29463-7",
        "display": "Body Weight"
      }
    ]
  },
  "subject": {
    "reference": "Patient/patient-example-pt002"
  },
  "valueQuantity": {
    "value": 68.5,
    "unit": "kg",
    "system": "http://unitsofmeasure.org",
    "code": "kg"
  }
}