{
  "resourceType": "Observation",
  "id": "observation-pt001-phv00226013",
  "text": {
    "status": "generated",
    "div": "<div xmlns=\"http://www.w3.org/1999/xhtml\"><p><b>Generated Narrative</b></p><p></p><p><b>code</b>: <span title=\"Codes: {https://www.ncbi.nlm.nih.gov/projects/gap/cgi-bin/dataset.cgi?study_id=phs000888.v1.p1&amp;pht=4678 phv00225961.v1.p1}\">SUBJID</span></p><p><b>subject</b>: <a href=\"Patient-patient-example-pt001.html\">Generated Summary: </a></p><p><b>value</b>: 490001</p></div>"
  },
  "status": "final",
  "code": {
    "coding": [
      {
        "system": "https://www.ncbi.nlm.nih.gov/projects/gap/cgi-bin/dataset.cgi?study_id=phs000888.v1.p1&pht=4678",
        "code": "phv00225961.v1.p1"
      }
    ]
  },
  "subject": {
    "reference": "Patient/patient-example-pt001"
  },
  "valueString": "490001"
}