{
  "resourceType": "ObservationDefinition",
  "id": "observation-definition-example-phv00225963.v1.p1",
  "text": {
    "status": "generated",
    "div": "<div xmlns=\"http://www.w3.org/1999/xhtml\"><p><b>Generated Narrative</b></p><p><b>code</b>: <span title=\"Codes: {https://www.ncbi.nlm.nih.gov/projects/gap/cgi-bin/dataset.cgi?study_id=phs000888.v1.p1&amp;pht=4678 phv00225963.v1.p1}\">DECADE_BIRTH</span></p><p><b>permittedDataType</b>: CodeableConcept</p><p><b>validCodedValueSet</b>: <a href=\"ValueSet-phs000888.pht004678.phv00225963-vs.html\">Generated Summary: url: https://nih-NCPI.github.io/ncpi-dd-on-fhir-ig/ValueSet/phs000888.pht004678.phv00225963-vs; version: 0.1.0; name: Phv00225963_vs; title: Values_for_Phv00225963-vs; status: active; date: Sep 14, 2021 10:17:07 PM; publisher: NCPI FHIR Working Group; NCPI FHIR Working Group: https://github.com/nih-NCPI, Eric Torstenson: eric.s.torstenson@vumc.org; description: Values allowed for Phv00225962</a></p></div>"
  },
  "code": {
    "coding": [
      {
        "system": "https://www.ncbi.nlm.nih.gov/projects/gap/cgi-bin/dataset.cgi?study_id=phs000888.v1.p1&pht=4678",
        "code": "phv00225963.v1.p1",
        "display": "DECADE_BIRTH"
      }
    ]
  },
  "permittedDataType": [
    "CodeableConcept"
  ],
  "validCodedValueSet": {
    "reference": "ValueSet/phs000888.pht004678.phv00225963-vs"
  }
}