{
  "resourceType": "Observation",
  "id": "observation-pt001-phv00226015",
  "text": {
    "status": "generated",
    "div": "<div xmlns=\"http://www.w3.org/1999/xhtml\"><p><b>Generated Narrative</b></p><p></p><p><b>code</b>: <span title=\"Codes: {https://www.ncbi.nlm.nih.gov/projects/gap/cgi-bin/dataset.cgi?study_id=phs000888.v1.p1&amp;pht=4680 phv00226015.v1.p1}, {https://uts.nlm.nih.gov/uts/umls C0005890}, {http://loinc.org 8302-2}\">HEIGHT</span></p><p><b>subject</b>: <a href=\"Patient-patient-example-pt001.html\">Generated Summary: </a></p><p><b>value</b>: 162 cm</p></div>"
  },
  "status": "final",
  "code": {
    "coding": [
      {
        "system": "https://www.ncbi.nlm.nih.gov/projects/gap/cgi-bin/dataset.cgi?study_id=phs000888.v1.p1&pht=4680",
        "code": "phv00226015.v1.p1",
        "display": "HEIGHT"
      },
      {
        "system": "https://uts.nlm.nih.gov/uts/umls",
        "code": "C0005890",
        "display": "Body Height"
      },
      {
        "system": "http://loinc.org",
        "code": "8302-2",
        "display": "Body height"
      }
    ]
  },
  "subject": {
    "reference": "Patient/patient-example-pt001"
  },
  "valueQuantity": {
    "value": 162,
    "unit": "cm",
    "system": "http://unitsofmeasure.org",
    "code": "cm"
  }
}