<?xml version="1.0" encoding="UTF-8"?>

<ResearchStudy xmlns="http://hl7.org/fhir">
  <id value="research-study-phs000888.v1.p1"/>
  <text>
    <status value="generated"/><div xmlns="http://www.w3.org/1999/xhtml"><p><b>Generated Narrative</b></p><p><b>title</b>: eMERGE Network Imputed GWAS for 41 Phenotypes</p><p><b>status</b>: completed</p><p><b>primaryPurposeType</b>: <span title="Codes: ">diagnostic</span></p></div>
  </text>
  <title value="eMERGE Network Imputed GWAS for 41 Phenotypes"/>
  <status value="completed"/>
  <primaryPurposeType>
    <coding>
      <code value="diagnostic"/>
    </coding>
  </primaryPurposeType>
</ResearchStudy>