<?xml version="1.0" encoding="UTF-8"?>

<ValueSet xmlns="http://hl7.org/fhir">
  <id value="phv00225962-vs"/>
  <text>
    <status value="extensions"/><div xmlns="http://www.w3.org/1999/xhtml"><ul><li>Include these codes as defined in <a href="CodeSystem-umls.html"><code>https://uts.nlm.nih.gov/uts/umls</code></a><table class="none"><tr><td style="white-space:nowrap"><b>Code</b></td><td><b>Display</b></td><td><b>Definition</b></td></tr><tr><td>C439673</td><td>Unknown</td><td>Not known, not observed, not recorded, or refused.</td></tr><tr><td>C3846720</td><td>No Assessed</td><td>Indicates that an assessment was not performed.</td></tr><tr><td>C1705492</td><td>Missing</td><td>Not existing; not able to be found</td></tr><tr><td>C46109</td><td>Male</td><td>Male Gender</td></tr><tr><td>C46110</td><td>Female</td><td>Female Gender</td></tr></table></li></ul></div>
  </text>
  <url value="https://nih-NCPI.github.io/ncpi-dd-on-fhir-ig/ValueSet/phv00225962-vs"/>
  <version value="0.1.0"/>
  <name value="Phv00225962_vs"/>
  <title value="Values_for_Phv00225962"/>
  <status value="active"/>
  <date value="2021-09-14T22:17:05+00:00"/>
  <publisher value="NCPI FHIR Working Group"/>
  <contact>
    <name value="NCPI FHIR Working Group"/>
    <telecom>
      <system value="url"/>
      <value value="https://github.com/nih-NCPI"/>
    </telecom>
  </contact>
  <contact>
    <name value="Eric Torstenson"/>
    <telecom>
      <system value="email"/>
      <value value="eric.s.torstenson@vumc.org"/>
      <use value="work"/>
    </telecom>
  </contact>
  <description value="Values allowed for Phv00225962"/>
  <compose>
    <include>
      <system value="https://uts.nlm.nih.gov/uts/umls"/>
      <concept>
        <code value="C439673"/>
        <display value="Unknown"/>
      </concept>
      <concept>
        <code value="C3846720"/>
        <display value="No Assessed"/>
      </concept>
      <concept>
        <code value="C1705492"/>
        <display value="Missing"/>
      </concept>
      <concept>
        <code value="C46109"/>
        <display value="Male"/>
      </concept>
      <concept>
        <code value="C46110"/>
        <display value="Female"/>
      </concept>
    </include>
  </compose>
</ValueSet>