{
  "resourceType": "ValueSet",
  "id": "combined-annotation-vs",
  "text": {
    "status": "generated",
    "div": "<div xmlns=\"http://www.w3.org/1999/xhtml\"><p>This value set includes codes based on the following rules:</p><ul><li>Include all codes defined in <a href=\"CodeSystem-umls.html\"><code>https://uts.nlm.nih.gov/uts/umls</code></a></li><li>Include all codes defined in <a href=\"http://www.snomed.org/\"><code>http://snomed.info/sct</code></a></li><li>Include all codes defined in <a href=\"http://loinc.org\"><code>http://loinc.org</code></a></li></ul></div>"
  },
  "url": "https://ddent.someplace.org/dd-on-fhir/ValueSets/common-systems",
  "version": "0.1.0",
  "name": "CombinedAnnotationVS",
  "title": "Codings associated with all supported annotation systems",
  "status": "active",
  "date": "2021-09-14T22:17:07+00:00",
  "publisher": "NCPI FHIR Working Group",
  "contact": [
    {
      "name": "NCPI FHIR Working Group",
      "telecom": [
        {
          "system": "url",
          "value": "https://github.com/nih-NCPI"
        }
      ]
    },
    {
      "name": "Eric Torstenson",
      "telecom": [
        {
          "system": "email",
          "value": "eric.s.torstenson@vumc.org",
          "use": "work"
        }
      ]
    }
  ],
  "description": "Codings associated with all supported annotation systems",
  "compose": {
    "include": [
      {
        "system": "https://uts.nlm.nih.gov/uts/umls"
      },
      {
        "system": "http://snomed.info/sct"
      },
      {
        "system": "http://loinc.org"
      }
    ]
  }
}