{"resourceType":"ActivityDefinition","id":"activity-definition-example-pht004678.v1.p1","url":"https://nih-NCPI.github.io/ncpi-dd-on-fhir-ig/ActivityDefinition/activity-definition-example-pht004678.v1.p1","version":"0.1.0","name":"pht004678.v1.p1_vars","title":"Variables for table pht004678.v1.p1","status":"draft","date":"2021-09-14T22:17:07+00:00","publisher":"NCPI FHIR Working Group","contact":[{"name":"NCPI FHIR Working Group","telecom":[{"system":"url","value":"https://github.com/nih-NCPI"}]},{"name":"Eric Torstenson","telecom":[{"system":"email","value":"eric.s.torstenson@vumc.org","use":"work"}]}],"topic":[{"coding":[{"system":"https://uts.nlm.nih.gov/uts/umls","code":"C0035168","display":"Research"}]}],"observationResultRequirement":[{"reference":"ObservationDefinition/observation-definition-example-phv00225961"},{"reference":"ObservationDefinition/observation-definition-example-phv00225962"},{"reference":"ObservationDefinition/observation-definition-example-phv00225963.v1.p1"},{"reference":"ObservationDefinition/observation-definition-example-phv00225964.v1.p1"},{"reference":"ObservationDefinition/observation-definition-example-phv00225967"},{"reference":"ObservationDefinition/observation-definition-example-phv00225968"},{"reference":"ObservationDefinition/observation-definition-example-phv00225969"},{"reference":"ObservationDefinition/observation-definition-example-phv00226013"},{"reference":"ObservationDefinition/observation-definition-example-phv00226014"},{"reference":"ObservationDefinition/observation-definition-example-phv00226015"},{"reference":"ObservationDefinition/observation-definition-example-phv00226016"}]}