{"resourceType":"CodeSystem","id":"phs000888.pht004678.phv00225963.v1.p1","text":{"status":"generated","div":"<div xmlns=\"http://www.w3.org/1999/xhtml\"><p>This code system https://www.ncbi.nlm.nih.gov/projects/gap/cgi-bin/variable.cgi?study_id=phs000888.v1.p1&amp;phv=225963 defines the following codes:</p><table class=\"codes\"><tr><td style=\"white-space:nowrap\"><b>Code</b></td><td><b>Display</b></td></tr><tr><td style=\"white-space:nowrap\">1<a name=\"phs000888.pht004678.phv00225963.v1.p1-1\"> </a></td><td>1900-1919</td></tr><tr><td style=\"white-space:nowrap\">2<a name=\"phs000888.pht004678.phv00225963.v1.p1-2\"> </a></td><td>1920-1929</td></tr><tr><td style=\"white-space:nowrap\">3<a name=\"phs000888.pht004678.phv00225963.v1.p1-3\"> </a></td><td>1930-1939</td></tr><tr><td style=\"white-space:nowrap\">4<a name=\"phs000888.pht004678.phv00225963.v1.p1-4\"> </a></td><td>1940-1949</td></tr><tr><td style=\"white-space:nowrap\">5<a name=\"phs000888.pht004678.phv00225963.v1.p1-5\"> </a></td><td>1950-1959</td></tr><tr><td style=\"white-space:nowrap\">6<a name=\"phs000888.pht004678.phv00225963.v1.p1-6\"> </a></td><td>1960-1960</td></tr><tr><td style=\"white-space:nowrap\">7<a name=\"phs000888.pht004678.phv00225963.v1.p1-7\"> </a></td><td>1970-1979</td></tr><tr><td style=\"white-space:nowrap\">8<a name=\"phs000888.pht004678.phv00225963.v1.p1-8\"> </a></td><td>1980-1989</td></tr><tr><td style=\"white-space:nowrap\">9<a name=\"phs000888.pht004678.phv00225963.v1.p1-9\"> </a></td><td>1990-1999</td></tr><tr><td style=\"white-space:nowrap\">10<a name=\"phs000888.pht004678.phv00225963.v1.p1-10\"> </a></td><td>Year 2000 and later</td></tr></table></div>"},"url":"https://www.ncbi.nlm.nih.gov/projects/gap/cgi-bin/variable.cgi?study_id=phs000888.v1.p1&phv=225963","identifier":[{"system":"https://www.ncbi.nlm.nih.gov/projects/gap/variable_identifier","value":"phv00225963.v1.p1"}],"version":"0.1.0","name":"Phv00225963_v1_p1","title":"Decade of birth","status":"active","experimental":false,"date":"2021-08-19","publisher":"NCPI FHIR Working Group","contact":[{"name":"NCPI FHIR Working Group","telecom":[{"system":"url","value":"https://github.com/nih-NCPI"}]},{"name":"Eric Torstenson","telecom":[{"system":"email","value":"eric.s.torstenson@vumc.org","use":"work"}]}],"description":"The dataset provides information about presence/absence of medical diagnoses, including AAA, ADHD, AMD, appendicitis, asthma and n=34 other case/control statuses.","content":"complete","count":10,"concept":[{"code":"1","display":"1900-1919"},{"code":"2","display":"1920-1929"},{"code":"3","display":"1930-1939"},{"code":"4","display":"1940-1949"},{"code":"5","display":"1950-1959"},{"code":"6","display":"1960-1960"},{"code":"7","display":"1970-1979"},{"code":"8","display":"1980-1989"},{"code":"9","display":"1990-1999"},{"code":"10","display":"Year 2000 and later"}]}