{"resourceType":"ConceptMap","id":"ConceptMap-UMLS","text":{"status":"extensions","div":"<div xmlns=\"http://www.w3.org/1999/xhtml\"><h2>UMLS Analogs (https://uts.nlm.nih.gov/uts/umls)</h2><p>Mapping from <a href=\"CodeSystem-umls.html\">https://uts.nlm.nih.gov/uts/umls</a> to <a href=\"ValueSet-combined-annotation-vs.html\">https://ddent.someplace.org/dd-on-fhir/ValueSets/common-systems</a></p><p>DRAFT. Published on Sep 14, 2021 10:17:07 PM by NCPI FHIR Working Group (NCPI FHIR Working Group: <a href=\"https://github.com/nih-NCPI\">https://github.com/nih-NCPI</a>, Eric Torstenson: <a href=\"mailto:eric.s.torstenson@vumc.org\">eric.s.torstenson@vumc.org</a>). </p><div><p>These terms may appear as part of a dataset's encoding. This map will permit systematic expansion to other terminologies</p>\n</div><br/><table class=\"grid\"><tr><td><b>Source Code</b></td><td><b>Relationship</b></td><td><b>Destination Code</b></td></tr><tr><td>C0162871</td><td><a href=\"http://hl7.org/fhir/R4/codesystem-concept-map-equivalence.html#equivalent\">is equivalent to</a></td><td>233985008 (Abdominal aortic aneurysm)</td></tr></table><table class=\"grid\"><tr><td><b>Source Code</b></td><td><b>Relationship</b></td><td><b>Destination Code</b></td></tr><tr><td>C0162871</td><td><a href=\"http://hl7.org/fhir/R4/codesystem-concept-map-equivalence.html#equivalent\">is equivalent to</a></td><td>58266-8 (Ever diagnosed by a doctor as having an abdominal aortic aneurysm)</td></tr><tr><td>C0005890 (Body Height)</td><td><a href=\"http://hl7.org/fhir/R4/codesystem-concept-map-equivalence.html#equivalent\">is equivalent to</a></td><td>8302-2 (Body height)</td></tr><tr><td>C0005910 (Body Weight)</td><td><a href=\"http://hl7.org/fhir/R4/codesystem-concept-map-equivalence.html#equivalent\">is equivalent to</a></td><td>29463-7 (Body weight)</td></tr><tr><td>C1305855</td><td><a href=\"http://hl7.org/fhir/R4/codesystem-concept-map-equivalence.html#equivalent\">is equivalent to</a></td><td>39156-5 (Body mass index (BMI) [Ratio])</td></tr></table></div>"},"url":"https://uts.nlm.nih.gov/uts/umls","version":"0.1.0","name":"UMLS Analogs","title":"Alternate mappings that can be made for UMLS terms","status":"draft","experimental":false,"date":"2021-09-14T22:17:07+00:00","publisher":"NCPI FHIR Working Group","contact":[{"name":"NCPI FHIR Working Group","telecom":[{"system":"url","value":"https://github.com/nih-NCPI"}]},{"name":"Eric Torstenson","telecom":[{"system":"email","value":"eric.s.torstenson@vumc.org","use":"work"}]}],"description":"These terms may appear as part of a dataset's encoding. This map will permit systematic expansion to other terminologies","sourceUri":"https://uts.nlm.nih.gov/uts/umls","targetUri":"https://ddent.someplace.org/dd-on-fhir/ValueSets/common-systems","group":[{"source":"https://uts.nlm.nih.gov/uts/umls","target":"http://snomed.info/sct","element":[{"code":"C0162871","display":"Abdominal aortic aneurysm","target":[{"code":"233985008","display":"Abdominal aortic aneurysm","equivalence":"equivalent"}]}]},{"source":"https://uts.nlm.nih.gov/uts/umls","target":"http://loinc.org","element":[{"code":"C0162871","display":"Abdominal aortic aneurysm","target":[{"code":"58266-8","display":"Ever diagnosed by a doctor as having an abdominal aortic aneurysm","equivalence":"equivalent"}]},{"code":"C0005890","display":"Body height","target":[{"code":"8302-2","display":"Body height","equivalence":"equivalent"}]},{"code":"C0005910","display":"Body Weight","target":[{"code":"29463-7","display":"Body Weight","equivalence":"equivalent"}]},{"code":"C1305855","display":"Body mass index","target":[{"code":"39156-5","display":"Body mass index (BMI) [Ratio]","equivalence":"equivalent"}]}]}]}