{"resourceType":"ConceptMap","id":"Instance-ConceptMap-CUI-To-DD","text":{"status":"extensions","div":"<div xmlns=\"http://www.w3.org/1999/xhtml\"><h2>phs000888.v1.p-CUItoDD (http://ddent.ncpi.someplace.org/ddent-fhir/ConceptMap/CUI/phs000888.v1.p1-CUItoDD)</h2><p>Mapping from http://ddent.ncpi.someplace.org/ddent-fhir/ValueSet/CUI/phs000888.v1.p1 to http://ddent.ncpi.someplace.org/ddent-fhir/ValueSet/DD/phs000888.v1.p1</p><p>DRAFT. Published on Sep 14, 2021 10:17:05 PM by NCPI FHIR Working Group (NCPI FHIR Working Group: <a href=\"https://github.com/nih-NCPI\">https://github.com/nih-NCPI</a>, Eric Torstenson: <a href=\"mailto:eric.s.torstenson@vumc.org\">eric.s.torstenson@vumc.org</a>). </p><div><p>The electronic Medical Records and Genomics (eMERGE) Network is a consortium of ten participating sites</p>\n</div><br/><table class=\"grid\"><tr><td><b>Source Code</b></td><td><b>Relationship</b></td><td><b>Destination Code</b></td><td><b>Comment</b></td></tr><tr><td>233985008 (Abdominal aortic aneurysm)</td><td><a href=\"http://hl7.org/fhir/R4/codesystem-concept-map-equivalence.html#equivalent\">is equivalent to</a></td><td>phv00225967.v1</td><td>* Semantics: problem\n * Assertion: present\n * Prob:  0.867\t\n * Loc: 23-48\n * Matched: Abdominal Aortic Aneurysm\n * Source Text: Case - control status: Abdominal Aortic Aneurysm</td></tr></table><table class=\"grid\"><tr><td><b>Source Code</b></td><td><b>Relationship</b></td><td><b>Destination Code</b></td><td><b>Comment</b></td></tr><tr><td>C0162871</td><td><a href=\"http://hl7.org/fhir/R4/codesystem-concept-map-equivalence.html#equivalent\">is equivalent to</a></td><td>phv00225967.v1</td><td>* Semantics: problem\n * Assertion: present\n * Prob:  0.867\t\n * Loc: 23-48\n * Matched: Abdominal Aortic Aneurysm\n * Source Text: Case - control status: Abdominal Aortic Aneurysm</td></tr></table><table class=\"grid\"><tr><td><b>Source Code</b></td><td><b>Relationship</b></td><td><b>Destination Code</b></td><td><b>Comment</b></td></tr><tr><td>58266-8 (Ever diagnosed by a doctor as having an abdominal aortic aneurysm)</td><td><a href=\"http://hl7.org/fhir/R4/codesystem-concept-map-equivalence.html#equivalent\">is equivalent to</a></td><td>phv00225967.v1</td><td>* Semantics: problem\n * Assertion: present\n * Prob:  0.867\t\n * Loc: 23-48\n * Matched: Abdominal Aortic Aneurysm\n * Source Text: Case - control status: Abdominal Aortic Aneurysm</td></tr></table><table class=\"grid\"><tr><td><b>Source Code</b></td><td><b>Relationship</b></td><td><b>Destination Code</b></td><td><b>Comment</b></td></tr><tr><td>C0005890 (Body Height)</td><td><a href=\"http://hl7.org/fhir/R4/codesystem-concept-map-equivalence.html#equivalent\">is equivalent to</a></td><td>phv00226015.v1.p1</td><td>* Semantics: problem\n * Assertion: present\n * Prob:  0.962\t\n * Loc: 11-17\n * Matched: Height\n * Source Text: Subject's height at enrollment</td></tr><tr><td>C0005910 (Body Weight)</td><td><a href=\"http://hl7.org/fhir/R4/codesystem-concept-map-equivalence.html#equivalent\">is equivalent to</a></td><td>phv00226014.v1.p1</td><td>* Semantics: problem\n * Assertion: present\n * Prob:  0.962\t\n * Loc: 11-17\n * Matched: Weight\n * Source Text: Subject's weight at enrollment</td></tr></table><table class=\"grid\"><tr><td><b>Source Code</b></td><td><b>Relationship</b></td><td><b>Destination Code</b></td><td><b>Comment</b></td></tr><tr><td>8302-2 (Body height)</td><td><a href=\"http://hl7.org/fhir/R4/codesystem-concept-map-equivalence.html#equivalent\">is equivalent to</a></td><td>phv00226015.v1.p1</td><td>* Semantics: problem\n * Assertion: present\n * Prob:  0.962\t\n * Loc: 11-17\n * Matched: Height\n * Source Text: Subject's height at enrollment</td></tr><tr><td>29463-7 (Body weight)</td><td><a href=\"http://hl7.org/fhir/R4/codesystem-concept-map-equivalence.html#equivalent\">is equivalent to</a></td><td>phv00226014.v1.p1</td><td>* Semantics: problem\n * Assertion: present\n * Prob:  0.962\t\n * Loc: 11-17\n * Matched: Weight\n * Source Text: Subject's weight at enrollment</td></tr></table><table class=\"grid\"><tr><td><b>Source Code</b></td><td><b>Relationship</b></td><td><b>Destination Code</b></td><td><b>Comment</b></td></tr><tr><td>C1305855</td><td><a href=\"http://hl7.org/fhir/R4/codesystem-concept-map-equivalence.html#equivalent\">is equivalent to</a></td><td>phv00265018.v1</td><td>* Semantics: test\n * Assertion: present\n * Prob:  0.493\t\n * Loc: 10-12\n * Matched: BMI\n * Source Text: Subject's BMI over time</td></tr><tr><td>C0424638 (Height and weight)</td><td><a href=\"http://hl7.org/fhir/R4/codesystem-concept-map-equivalence.html#equivalent\">is equivalent to</a></td><td>phv00265019.v1</td><td>* Semantics: test\n * Assertion: present\n * Prob:  0.998\t\n * Loc: 0-40\n * Matched: Height of first qualifying height/weight\n * Source Text: Height of first qualifying height/weight measurement. NOTE: two measurements of &gt;= 99th percentile (BMI) are needed on different calendar days.  H1/W1 and H2/W2 should be the latest two qualifying measurements.</td></tr></table><table class=\"grid\"><tr><td><b>Source Code</b></td><td><b>Relationship</b></td><td><b>Destination Code</b></td><td><b>Comment</b></td></tr><tr><td>39156-5 (Body mass index (BMI) [Ratio])</td><td><a href=\"http://hl7.org/fhir/R4/codesystem-concept-map-equivalence.html#equivalent\">is equivalent to</a></td><td>phv00265018.v1</td><td>* Semantics: test\n * Assertion: present\n * Prob:  0.493\t\n * Loc: 10-12\n * Matched: BMI\n * Source Text: Subject's BMI over time</td></tr></table><table class=\"grid\"><tr><td><b>Source Code</b></td><td><b>Relationship</b></td><td><b>Destination Code</b></td><td><b>Comment</b></td></tr><tr><td>C0005893 (Body mass index procedure)</td><td><a href=\"http://hl7.org/fhir/R4/codesystem-concept-map-equivalence.html#equivalent\">is equivalent to</a></td><td>phv00265049.v1</td><td>* Semantics: test\n * Assertion: present\n * Prob:  0.937\t\n * Loc: 0-15\n * Matched: Body Mass Index\n * Source Text: Body Mass Index closest to reference date</td></tr></table><table class=\"grid\"><tr><td><b>Source Code</b></td><td><b>Relationship</b></td><td><b>Destination Code</b></td><td><b>Comment</b></td></tr><tr><td>39156-5 (Body mass index (BMI) [Ratio])</td><td><a href=\"http://hl7.org/fhir/R4/codesystem-concept-map-equivalence.html#equivalent\">is equivalent to</a></td><td>phv00265049.v1</td><td>* Semantics: test\n * Assertion: present\n * Prob:  0.937\t\n * Loc: 0-15\n * Matched: Body Mass Index\n * Source Text: Body Mass Index closest to reference date</td></tr></table></div>"},"url":"http://ddent.ncpi.someplace.org/ddent-fhir/ConceptMap/CUI/phs000888.v1.p1-CUItoDD","identifier":{"system":"http://ddent.ncpi.someplace.org/ddent-fhir/study/cm/cui-dd","value":"phs000888.v1.p1"},"version":"0.1.0","name":"phs000888.v1.p-CUItoDD","title":"Study Concept Map for eMERGE Network Imputed GWAS for 41 Phenotypes","status":"draft","experimental":false,"date":"2021-09-14T22:17:05+00:00","publisher":"NCPI FHIR Working Group","contact":[{"name":"NCPI FHIR Working Group","telecom":[{"system":"url","value":"https://github.com/nih-NCPI"}]},{"name":"Eric Torstenson","telecom":[{"system":"email","value":"eric.s.torstenson@vumc.org","use":"work"}]}],"description":"The electronic Medical Records and Genomics (eMERGE) Network is a consortium of ten participating sites","sourceUri":"http://ddent.ncpi.someplace.org/ddent-fhir/ValueSet/CUI/phs000888.v1.p1","targetUri":"http://ddent.ncpi.someplace.org/ddent-fhir/ValueSet/DD/phs000888.v1.p1","group":[{"source":"http://snomed.info/sct","target":"http://ddent.ncpi.someplace.org/ddent-fhir/CodeSystems/DD/DbGAP/phs000888.v1/pht004678.v1.phs000888.v1","element":[{"code":"233985008","display":"Abdominal aortic aneurysm","target":[{"code":"phv00225967.v1","display":"CASE_CONTROL_AAA","equivalence":"equivalent","comment":"* Semantics: problem\n * Assertion: present\n * Prob:  0.867\t\n * Loc: 23-48\n * Matched: Abdominal Aortic Aneurysm\n * Source Text: Case - control status: Abdominal Aortic Aneurysm"}]}]},{"source":"https://uts.nlm.nih.gov/uts/umls","target":"http://ddent.ncpi.someplace.org/ddent-fhir/CodeSystems/DD/DbGAP/phs000888.v1/pht004678.v1.phs000888.v1","element":[{"code":"C0162871","display":"Abdominal aortic aneurysm","target":[{"code":"phv00225967.v1","display":"CASE_CONTROL_AAA","equivalence":"equivalent","comment":"* Semantics: problem\n * Assertion: present\n * Prob:  0.867\t\n * Loc: 23-48\n * Matched: Abdominal Aortic Aneurysm\n * Source Text: Case - control status: Abdominal Aortic Aneurysm"}]}]},{"source":"http://loinc.org","target":"http://ddent.ncpi.someplace.org/ddent-fhir/CodeSystems/DD/DbGAP/phs000888.v1/pht004678.v1.phs000888.v1","element":[{"code":"58266-8","display":"Ever diagnosed by a doctor as having an abdominal aortic aneurysm","target":[{"code":"phv00225967.v1","display":"CASE_CONTROL_AAA","equivalence":"equivalent","comment":"* Semantics: problem\n * Assertion: present\n * Prob:  0.867\t\n * Loc: 23-48\n * Matched: Abdominal Aortic Aneurysm\n * Source Text: Case - control status: Abdominal Aortic Aneurysm"}]}]},{"source":"https://uts.nlm.nih.gov/uts/umls","target":"http://ddent.ncpi.someplace.org/ddent-fhir/CodeSystems/DD/DbGAP/phs000888.v1/Pht004680_v1.phs000888.v1","element":[{"code":"C0005890","display":"Body Height","target":[{"code":"phv00226015.v1.p1","display":"HEIGHT","equivalence":"equivalent","comment":"* Semantics: problem\n * Assertion: present\n * Prob:  0.962\t\n * Loc: 11-17\n * Matched: Height\n * Source Text: Subject's height at enrollment"}]},{"code":"C0005910","display":"Body Weight","target":[{"code":"phv00226014.v1.p1","display":"WEIGHT","equivalence":"equivalent","comment":"* Semantics: problem\n * Assertion: present\n * Prob:  0.962\t\n * Loc: 11-17\n * Matched: Weight\n * Source Text: Subject's weight at enrollment"}]}]},{"source":"http://loinc.org","target":"http://ddent.ncpi.someplace.org/ddent-fhir/CodeSystems/DD/DbGAP/phs000888.v1/Pht004680_v1.phs000888.v1","element":[{"code":"8302-2","display":"Body height","target":[{"code":"phv00226015.v1.p1","display":"HEIGHT","equivalence":"equivalent","comment":"* Semantics: problem\n * Assertion: present\n * Prob:  0.962\t\n * Loc: 11-17\n * Matched: Height\n * Source Text: Subject's height at enrollment"}]},{"code":"29463-7","display":"Body weight","target":[{"code":"phv00226014.v1.p1","display":"WEIGHT","equivalence":"equivalent","comment":"* Semantics: problem\n * Assertion: present\n * Prob:  0.962\t\n * Loc: 11-17\n * Matched: Weight\n * Source Text: Subject's weight at enrollment"}]}]},{"source":"https://uts.nlm.nih.gov/uts/umls","target":"http://ddent.ncpi.someplace.org/ddent-fhir/CodeSystems/DD/DbGAP/phs000888.v1/pht005581.v1.phs000888.v1","element":[{"code":"C1305855","display":"Body mass index","target":[{"code":"phv00265018.v1","display":"H1","equivalence":"equivalent","comment":"* Semantics: test\n * Assertion: present\n * Prob:  0.493\t\n * Loc: 10-12\n * Matched: BMI\n * Source Text: Subject's BMI over time"}]},{"code":"C0424638","display":"Height and Weight","target":[{"code":"phv00265019.v1","display":"W1","equivalence":"equivalent","comment":"* Semantics: test\n * Assertion: present\n * Prob:  0.998\t\n * Loc: 0-40\n * Matched: Height of first qualifying height/weight\n * Source Text: Height of first qualifying height/weight measurement. NOTE: two measurements of >= 99th percentile (BMI) are needed on different calendar days.  H1/W1 and H2/W2 should be the latest two qualifying measurements."}]}]},{"source":"http://loinc.org","target":"http://ddent.ncpi.someplace.org/ddent-fhir/CodeSystems/DD/DbGAP/phs000888.v1/pht005581.v1.phs000888.v1","element":[{"code":"39156-5","display":"Body mass index (BMI) [Ratio]","target":[{"code":"phv00265018.v1","display":"H1","equivalence":"equivalent","comment":"* Semantics: test\n * Assertion: present\n * Prob:  0.493\t\n * Loc: 10-12\n * Matched: BMI\n * Source Text: Subject's BMI over time"}]}]},{"source":"https://uts.nlm.nih.gov/uts/umls","target":"http://ddent.ncpi.someplace.org/ddent-fhir/CodeSystems/DD/DbGAP/phs000888.v1/pht005584.v1.phs000888.v1","element":[{"code":"C0005893","display":"Body mass index procedure","target":[{"code":"phv00265049.v1","display":"BMI","equivalence":"equivalent","comment":"* Semantics: test\n * Assertion: present\n * Prob:  0.937\t\n * Loc: 0-15\n * Matched: Body Mass Index\n * Source Text: Body Mass Index closest to reference date"}]}]},{"source":"http://loinc.org","target":"http://ddent.ncpi.someplace.org/ddent-fhir/CodeSystems/DD/DbGAP/phs000888.v1/pht005584.v1.phs000888.v1","element":[{"code":"39156-5","display":"Body mass index (BMI) [Ratio]","target":[{"code":"phv00265049.v1","display":"BMI","equivalence":"equivalent","comment":"* Semantics: test\n * Assertion: present\n * Prob:  0.937\t\n * Loc: 0-15\n * Matched: Body Mass Index\n * Source Text: Body Mass Index closest to reference date"}]}]}]}