{"resourceType":"ValueSet","id":"ucum-vs","text":{"status":"generated","div":"<div xmlns=\"http://www.w3.org/1999/xhtml\"><ul><li>Include all codes defined in <a href=\"http://unitsofmeasure.org\"><code>http://unitsofmeasure.org</code></a></li></ul></div>"},"url":"https://nih-NCPI.github.io/ncpi-dd-on-fhir-ig/ValueSet/ucum-vs","version":"0.1.0","name":"Ucum_VS","title":"UCUM Codes","status":"draft","date":"2021-09-14T22:17:05+00:00","publisher":"NCPI FHIR Working Group","contact":[{"name":"NCPI FHIR Working Group","telecom":[{"system":"url","value":"https://github.com/nih-NCPI"}]},{"name":"Eric Torstenson","telecom":[{"system":"email","value":"eric.s.torstenson@vumc.org","use":"work"}]}],"description":"Unified Code for Units of Measure","compose":{"include":[{"system":"http://unitsofmeasure.org"}]}}