{"resourceType":"ValueSet","id":"phv00225962-vs","text":{"status":"extensions","div":"<div xmlns=\"http://www.w3.org/1999/xhtml\"><ul><li>Include these codes as defined in <a href=\"CodeSystem-umls.html\"><code>https://uts.nlm.nih.gov/uts/umls</code></a><table class=\"none\"><tr><td style=\"white-space:nowrap\"><b>Code</b></td><td><b>Display</b></td><td><b>Definition</b></td></tr><tr><td>C439673</td><td>Unknown</td><td>Not known, not observed, not recorded, or refused.</td></tr><tr><td>C3846720</td><td>No Assessed</td><td>Indicates that an assessment was not performed.</td></tr><tr><td>C1705492</td><td>Missing</td><td>Not existing; not able to be found</td></tr><tr><td>C46109</td><td>Male</td><td>Male Gender</td></tr><tr><td>C46110</td><td>Female</td><td>Female Gender</td></tr></table></li></ul></div>"},"url":"https://nih-NCPI.github.io/ncpi-dd-on-fhir-ig/ValueSet/phv00225962-vs","version":"0.1.0","name":"Phv00225962_vs","title":"Values_for_Phv00225962","status":"active","date":"2021-09-14T22:17:07+00:00","publisher":"NCPI FHIR Working Group","contact":[{"name":"NCPI FHIR Working Group","telecom":[{"system":"url","value":"https://github.com/nih-NCPI"}]},{"name":"Eric Torstenson","telecom":[{"system":"email","value":"eric.s.torstenson@vumc.org","use":"work"}]}],"description":"Values allowed for Phv00225962","compose":{"include":[{"system":"https://uts.nlm.nih.gov/uts/umls","concept":[{"code":"C439673","display":"Unknown"},{"code":"C3846720","display":"No Assessed"},{"code":"C1705492","display":"Missing"},{"code":"C46109","display":"Male"},{"code":"C46110","display":"Female"}]}]}}