{
  "resourceType": "CodeSystem",
  "id": "loinc",
  "text": {
    "status": "generated",
    "div": "<div xmlns=\"http://www.w3.org/1999/xhtml\"><p>This code system http://loinc.org defines the following codes:</p><table class=\"codes\"><tr><td style=\"white-space:nowrap\"><b>Code</b></td><td><b>Display</b></td></tr><tr><td style=\"white-space:nowrap\">8302-2<a name=\"loinc-8302-2\"> </a></td><td>Body height</td></tr><tr><td style=\"white-space:nowrap\">3137-7<a name=\"loinc-3137-7\"> </a></td><td>Body height Measured</td></tr><tr><td style=\"white-space:nowrap\">3138-5<a name=\"loinc-3138-5\"> </a></td><td>Body height Stated</td></tr><tr><td style=\"white-space:nowrap\">29463-7<a name=\"loinc-29463-7\"> </a></td><td>Body Weight</td></tr><tr><td style=\"white-space:nowrap\">3141-9<a name=\"loinc-3141-9\"> </a></td><td>Body weight Measured</td></tr><tr><td style=\"white-space:nowrap\">3142-7<a name=\"loinc-3142-7\"> </a></td><td>Body weight Stated</td></tr><tr><td style=\"white-space:nowrap\">39156-5<a name=\"loinc-39156-5\"> </a></td><td>Body mass index (BMI) [Ratio]</td></tr><tr><td style=\"white-space:nowrap\">89270-3<a name=\"loinc-89270-3\"> </a></td><td>Body mass index (BMI) [Ratio] Estimated</td></tr><tr><td style=\"white-space:nowrap\">58266-8<a name=\"loinc-58266-8\"> </a></td><td>Ever diagnosed by a doctor as having an abdominal aortic aneurysm</td></tr></table></div>"
  },
  "url": "http://loinc.org",
  "version": "0.1.0",
  "name": "LOINC",
  "title": "LOINC Codes",
  "status": "active",
  "date": "2021-09-14T22:17:05+00:00",
  "publisher": "NCPI FHIR Working Group",
  "contact": [
    {
      "name": "NCPI FHIR Working Group",
      "telecom": [
        {
          "system": "url",
          "value": "https://github.com/nih-NCPI"
        }
      ]
    },
    {
      "name": "Eric Torstenson",
      "telecom": [
        {
          "system": "email",
          "value": "eric.s.torstenson@vumc.org",
          "use": "work"
        }
      ]
    }
  ],
  "description": "The international standard for identifying health measurements, observations, and documents.",
  "content": "complete",
  "count": 9,
  "concept": [
    {
      "code": "8302-2",
      "display": "Body height"
    },
    {
      "code": "3137-7",
      "display": "Body height Measured"
    },
    {
      "code": "3138-5",
      "display": "Body height Stated"
    },
    {
      "code": "29463-7",
      "display": "Body Weight"
    },
    {
      "code": "3141-9",
      "display": "Body weight Measured"
    },
    {
      "code": "3142-7",
      "display": "Body weight Stated"
    },
    {
      "code": "39156-5",
      "display": "Body mass index (BMI) [Ratio]"
    },
    {
      "code": "89270-3",
      "display": "Body mass index (BMI) [Ratio] Estimated"
    },
    {
      "code": "58266-8",
      "display": "Ever diagnosed by a doctor as having an abdominal aortic aneurysm"
    }
  ]
}