{
  "resourceType": "CodeSystem",
  "id": "umls",
  "text": {
    "status": "generated",
    "div": "<div xmlns=\"http://www.w3.org/1999/xhtml\"><p>This code system https://uts.nlm.nih.gov/uts/umls defines many codes, of which the following are a subset:</p><table class=\"codes\"><tr><td style=\"white-space:nowrap\"><b>Code</b></td><td><b>Display</b></td><td><b>Definition</b></td></tr><tr><td style=\"white-space:nowrap\">C0742766<a name=\"umls-C0742766\"> </a></td><td>Consent signed</td><td/></tr><tr><td style=\"white-space:nowrap\">C439673<a name=\"umls-C439673\"> </a></td><td>Unknown</td><td>Not known, not observed, not recorded, or refused.</td></tr><tr><td style=\"white-space:nowrap\">C3846720<a name=\"umls-C3846720\"> </a></td><td>No Assessed</td><td>Indicates that an assessment was not performed.</td></tr><tr><td style=\"white-space:nowrap\">C1705492<a name=\"umls-C1705492\"> </a></td><td>Missing</td><td>Not existing; not able to be found</td></tr><tr><td style=\"white-space:nowrap\">C46109<a name=\"umls-C46109\"> </a></td><td>Male</td><td>Male Gender</td></tr><tr><td style=\"white-space:nowrap\">C46110<a name=\"umls-C46110\"> </a></td><td>Female</td><td>Female Gender</td></tr><tr><td style=\"white-space:nowrap\">C99269<a name=\"umls-C99269\"> </a></td><td>Case</td><td>True Case Status</td></tr><tr><td style=\"white-space:nowrap\">C99270<a name=\"umls-C99270\"> </a></td><td>Control</td><td>True Control Status</td></tr><tr><td style=\"white-space:nowrap\">C99271<a name=\"umls-C99271\"> </a></td><td>Probable Case Status</td><td>The participant is a probable case for the phenotype under consideration.</td></tr><tr><td style=\"white-space:nowrap\">C99272<a name=\"umls-C99272\"> </a></td><td>Probable Control Status</td><td>The participant is a probable control for the phenotype under consideration.</td></tr><tr><td style=\"white-space:nowrap\">C99273<a name=\"umls-C99273\"> </a></td><td>Neither Case or Control Status</td><td>The participant is neither a true case or true control for the phenotype under consideration.</td></tr><tr><td style=\"white-space:nowrap\">C99274<a name=\"umls-C99274\"> </a></td><td>Unable to Assess Case or Control status</td><td>The participant's case/control status could not be assessed.</td></tr><tr><td style=\"white-space:nowrap\">C0035168<a name=\"umls-C0035168\"> </a></td><td>Research</td><td>Critical and exhaustive investigation or experimentation, having for its aim the discovery of new facts and their correct interpretation, the revision of accepted conclusions, theories, or laws in the light of newly discovered facts, or the practical application of such new or revised conclusions, theories, or laws.</td></tr><tr><td style=\"white-space:nowrap\">C0947630<a name=\"umls-C0947630\"> </a></td><td>Scientific Study</td><td/></tr><tr><td style=\"white-space:nowrap\">C1515051<a name=\"umls-C1515051\"> </a></td><td>Sum</td><td>The final aggregate amount.</td></tr><tr><td style=\"white-space:nowrap\">C1524031<a name=\"umls-C1524031\"> </a></td><td>Minimum</td><td>Smallest of all non-null values in the referenced set of values.</td></tr><tr><td style=\"white-space:nowrap\">C0806909<a name=\"umls-C0806909\"> </a></td><td>Maximum</td><td>Largest of all non-null values in the referenced set of values.</td></tr><tr><td style=\"white-space:nowrap\">C0876920<a name=\"umls-C0876920\"> </a></td><td>Median</td><td>The value which has an equal number of values greater and less than it.</td></tr><tr><td style=\"white-space:nowrap\">C0444504<a name=\"umls-C0444504\"> </a></td><td>Mean</td><td>The sum of the values of all observations or data points divided by the number of observations; an arithmetical average.</td></tr><tr><td style=\"white-space:nowrap\">C0871420<a name=\"umls-C0871420\"> </a></td><td>Std</td><td>Indicator of the relative variability of a variable around its mean; the square root of the variance.</td></tr><tr><td style=\"white-space:nowrap\">C0424638<a name=\"umls-C0424638\"> </a></td><td>Height and weight</td><td/></tr><tr><td style=\"white-space:nowrap\">C0005890<a name=\"umls-C0005890\"> </a></td><td>Body Height</td><td/></tr><tr><td style=\"white-space:nowrap\">C0005910<a name=\"umls-C0005910\"> </a></td><td>Body Weight</td><td/></tr><tr><td style=\"white-space:nowrap\">C0005893<a name=\"umls-C0005893\"> </a></td><td>Body mass index procedure</td><td/></tr></table></div>"
  },
  "url": "https://uts.nlm.nih.gov/uts/umls",
  "version": "0.1.0",
  "name": "Umls",
  "title": "UMLs CUIs",
  "status": "active",
  "experimental": false,
  "date": "2021-08-19",
  "publisher": "NCPI FHIR Working Group",
  "contact": [
    {
      "name": "NCPI FHIR Working Group",
      "telecom": [
        {
          "system": "url",
          "value": "https://github.com/nih-NCPI"
        }
      ]
    },
    {
      "name": "Eric Torstenson",
      "telecom": [
        {
          "system": "email",
          "value": "eric.s.torstenson@vumc.org",
          "use": "work"
        }
      ]
    }
  ],
  "description": "CUIs maintained by UMLs",
  "content": "fragment",
  "concept": [
    {
      "code": "C0742766",
      "display": "Consent signed"
    },
    {
      "code": "C439673",
      "display": "Unknown",
      "definition": "Not known, not observed, not recorded, or refused."
    },
    {
      "code": "C3846720",
      "display": "No Assessed",
      "definition": "Indicates that an assessment was not performed."
    },
    {
      "code": "C1705492",
      "display": "Missing",
      "definition": "Not existing; not able to be found"
    },
    {
      "code": "C46109",
      "display": "Male",
      "definition": "Male Gender"
    },
    {
      "code": "C46110",
      "display": "Female",
      "definition": "Female Gender"
    },
    {
      "code": "C99269",
      "display": "Case",
      "definition": "True Case Status"
    },
    {
      "code": "C99270",
      "display": "Control",
      "definition": "True Control Status"
    },
    {
      "code": "C99271",
      "display": "Probable Case Status",
      "definition": "The participant is a probable case for the phenotype under consideration."
    },
    {
      "code": "C99272",
      "display": "Probable Control Status",
      "definition": "The participant is a probable control for the phenotype under consideration."
    },
    {
      "code": "C99273",
      "display": "Neither Case or Control Status",
      "definition": "The participant is neither a true case or true control for the phenotype under consideration."
    },
    {
      "code": "C99274",
      "display": "Unable to Assess Case or Control status",
      "definition": "The participant's case/control status could not be assessed."
    },
    {
      "code": "C0035168",
      "display": "Research",
      "definition": "Critical and exhaustive investigation or experimentation, having for its aim the discovery of new facts and their correct interpretation, the revision of accepted conclusions, theories, or laws in the light of newly discovered facts, or the practical application of such new or revised conclusions, theories, or laws."
    },
    {
      "code": "C0947630",
      "display": "Scientific Study"
    },
    {
      "code": "C1515051",
      "display": "Sum",
      "definition": "The final aggregate amount."
    },
    {
      "code": "C1524031",
      "display": "Minimum",
      "definition": "Smallest of all non-null values in the referenced set of values."
    },
    {
      "code": "C0806909",
      "display": "Maximum",
      "definition": "Largest of all non-null values in the referenced set of values."
    },
    {
      "code": "C0876920",
      "display": "Median",
      "definition": "The value which has an equal number of values greater and less than it."
    },
    {
      "code": "C0444504",
      "display": "Mean",
      "definition": "The sum of the values of all observations or data points divided by the number of observations; an arithmetical average."
    },
    {
      "code": "C0871420",
      "display": "Std",
      "definition": "Indicator of the relative variability of a variable around its mean; the square root of the variance."
    },
    {
      "code": "C0424638",
      "display": "Height and weight"
    },
    {
      "code": "C0005890",
      "display": "Body Height"
    },
    {
      "code": "C0005910",
      "display": "Body Weight"
    },
    {
      "code": "C0005893",
      "display": "Body mass index procedure"
    }
  ]
}