{
  "resourceType": "Composition",
  "id": "composition-phs000888.v1.p1.summary",
  "text": {
    "status": "generated",
    "div": "<div xmlns=\"http://www.w3.org/1999/xhtml\"><p><b>Generated Narrative</b></p><p><b>status</b>: final</p><p><b>type</b>: <span title=\"Codes: {https://uts.nlm.nih.gov/uts/umls C0947630}\">Scientific Study</span></p><p><b>date</b>: 2021-08-30</p><p><b>author</b>: <a href=\"Organization-organization-ncpi.html\">Generated Summary: name: NCPI FHIR team</a></p><p><b>title</b>: All Documents associated with study, phs000888.v1.p1</p></div>"
  },
  "status": "final",
  "type": {
    "coding": [
      {
        "system": "https://uts.nlm.nih.gov/uts/umls",
        "code": "C0947630",
        "display": "Scientific Study"
      }
    ]
  },
  "date": "2021-08-30",
  "author": [
    {
      "reference": "Organization/organization-ncpi"
    }
  ],
  "title": "All Documents associated with study, phs000888.v1.p1",
  "section": [
    {
      "title": "Variable Definitions",
      "code": {
        "coding": [
          {
            "system": "http://loinc.org",
            "code": "61149-1",
            "display": "Objective Narrative"
          }
        ]
      },
      "focus": {
        "reference": "ActivityDefinition/activity-definition-example-pht004678.v1.p1"
      },
      "entry": [
        {
          "reference": "ObservationDefinition/observation-definition-example-phv00225961"
        },
        {
          "reference": "ObservationDefinition/observation-definition-example-phv00225962"
        },
        {
          "reference": "ObservationDefinition/observation-definition-example-phv00225963.v1.p1"
        },
        {
          "reference": "ObservationDefinition/observation-definition-example-phv00225964.v1.p1"
        },
        {
          "reference": "ObservationDefinition/observation-definition-example-phv00225967"
        },
        {
          "reference": "ObservationDefinition/observation-definition-example-phv00225968"
        },
        {
          "reference": "ObservationDefinition/observation-definition-example-phv00225969"
        },
        {
          "reference": "ObservationDefinition/observation-definition-example-phv00226013"
        },
        {
          "reference": "ObservationDefinition/observation-definition-example-phv00226014"
        },
        {
          "reference": "ObservationDefinition/observation-definition-example-phv00226015"
        },
        {
          "reference": "ObservationDefinition/observation-definition-example-phv00226016"
        }
      ]
    },
    {
      "title": "Summary Observations - Full Study",
      "code": {
        "coding": [
          {
            "system": "https://www.ncbi.nlm.nih.gov/projects/gap/group-identifier/phs000888",
            "code": "AllSubjects",
            "display": "All subjects"
          }
        ]
      },
      "focus": {
        "reference": "Group/research-group-phs000888-all"
      },
      "entry": [
        {
          "reference": "Observation/observation-summary-sex-all"
        },
        {
          "reference": "Observation/observation-summary-aaa-all"
        },
        {
          "reference": "Observation/observation-summary-weight-all"
        },
        {
          "reference": "Observation/observation-summary-height-all"
        },
        {
          "reference": "Observation/observation-summary-bmi-all"
        }
      ]
    },
    {
      "title": "Summary Observations - Consent Group HMB",
      "code": {
        "coding": [
          {
            "system": "https://www.ncbi.nlm.nih.gov/projects/gap/group-identifier/phs000888",
            "code": "GroupConsentHMB"
          }
        ]
      },
      "focus": {
        "reference": "Group/research-group-phs000888-hmb"
      },
      "entry": [
        {
          "reference": "Observation/observation-summary-sex-hmb"
        },
        {
          "reference": "Observation/observation-summary-aaa-hmb"
        },
        {
          "reference": "Observation/observation-summary-weight-hmb"
        },
        {
          "reference": "Observation/observation-summary-height-hmb"
        },
        {
          "reference": "Observation/observation-summary-bmi-hmb"
        }
      ]
    }
  ]
}