{
  "resourceType": "ConceptMap",
  "id": "Instance-ConceptMap-DD-To-CUI",
  "text": {
    "status": "extensions",
    "div": "<div xmlns=\"http://www.w3.org/1999/xhtml\"><h2>phs000888.v1.p-DDtoCUI (http://ddent.ncpi.someplace.org/ddent-fhir/ConceptMap/DD/phs000888.v1.p1-DDtoCUI)</h2><p>Mapping from http://ddent.ncpi.someplace.org/ddent-fhir/ValueSet/DD/phs000888.v1.p1 to http://ddent.ncpi.someplace.org/ddent-fhir/ValueSet/CUI/phs000888.v1.p1</p><p>DRAFT. Published on Sep 14, 2021 10:17:07 PM by NCPI FHIR Working Group (NCPI FHIR Working Group: <a href=\"https://github.com/nih-NCPI\">https://github.com/nih-NCPI</a>, Eric Torstenson: <a href=\"mailto:eric.s.torstenson@vumc.org\">eric.s.torstenson@vumc.org</a>). </p><div><p>The electronic Medical Records and Genomics (eMERGE) Network is a consortium of ten participating sites</p>\n</div><br/><table class=\"grid\"><tr><td><b>Source Code</b></td><td><b>Relationship</b></td><td><b>Destination Code</b></td><td><b>Comment</b></td></tr><tr><td>phv00225967.v1</td><td><a href=\"http://hl7.org/fhir/R4/codesystem-concept-map-equivalence.html#equivalent\">is equivalent to</a></td><td>233985008 (Abdominal aortic aneurysm)</td><td>* Semantics: problem\n * Assertion: present\n * Prob:  0.867\t\n * Loc: 23-48\n * Matched: Abdominal Aortic Aneurysm\n * Source Text: Case - control status: Abdominal Aortic Aneurysm</td></tr></table><table class=\"grid\"><tr><td><b>Source Code</b></td><td><b>Relationship</b></td><td><b>Destination Code</b></td><td><b>Comment</b></td></tr><tr><td>phv00225967.v1</td><td><a href=\"http://hl7.org/fhir/R4/codesystem-concept-map-equivalence.html#equivalent\">is equivalent to</a></td><td>C0162871</td><td>* Semantics: problem\n * Assertion: present\n * Prob:  0.867\t\n * Loc: 23-48\n * Matched: Abdominal Aortic Aneurysm\n * Source Text: Case - control status: Abdominal Aortic Aneurysm</td></tr></table><table class=\"grid\"><tr><td><b>Source Code</b></td><td><b>Relationship</b></td><td><b>Destination Code</b></td><td><b>Comment</b></td></tr><tr><td>phv00225967.v1</td><td><a href=\"http://hl7.org/fhir/R4/codesystem-concept-map-equivalence.html#equivalent\">is equivalent to</a></td><td>58266-8 (Ever diagnosed by a doctor as having an abdominal aortic aneurysm)</td><td>* Semantics: problem\n * Assertion: present\n * Prob:  0.867\t\n * Loc: 23-48\n * Matched: Abdominal Aortic Aneurysm\n * Source Text: Case - control status: Abdominal Aortic Aneurysm</td></tr></table><table class=\"grid\"><tr><td><b>Source Code</b></td><td><b>Relationship</b></td><td><b>Destination Code</b></td><td><b>Comment</b></td></tr><tr><td>phv00226015.v1.p1</td><td><a href=\"http://hl7.org/fhir/R4/codesystem-concept-map-equivalence.html#equivalent\">is equivalent to</a></td><td>C0005890</td><td>* Semantics: problem\n * Assertion: present\n * Prob:  0.962\t\n * Loc: 11-17\n * Matched: Height\n * Source Text: Subject's height at enrollment</td></tr><tr><td>phv00226014.v1.p1</td><td><a href=\"http://hl7.org/fhir/R4/codesystem-concept-map-equivalence.html#equivalent\">is equivalent to</a></td><td>C0005910</td><td>* Semantics: problem\n * Assertion: present\n * Prob:  0.962\t\n * Loc: 11-17\n * Matched: Weight\n * Source Text: Subject's weight at enrollment</td></tr></table><table class=\"grid\"><tr><td><b>Source Code</b></td><td><b>Relationship</b></td><td><b>Destination Code</b></td><td><b>Comment</b></td></tr><tr><td>phv00226015.v1.p1</td><td><a href=\"http://hl7.org/fhir/R4/codesystem-concept-map-equivalence.html#equivalent\">is equivalent to</a></td><td>8302-2 (Body height)</td><td>* Semantics: problem\n * Assertion: present\n * Prob:  0.962\t\n * Loc: 11-17\n * Matched: Height\n * Source Text: Subject's height at enrollment</td></tr><tr><td>phv00226014.v1.p1</td><td><a href=\"http://hl7.org/fhir/R4/codesystem-concept-map-equivalence.html#equivalent\">is equivalent to</a></td><td>29463-7 (Body weight)</td><td>* Semantics: problem\n * Assertion: present\n * Prob:  0.962\t\n * Loc: 11-17\n * Matched: Weight\n * Source Text: Subject's weight at enrollment</td></tr></table><table class=\"grid\"><tr><td colspan=\"2\"><b>Source Concept Details</b></td><td><b>Relationship</b></td><td colspan=\"2\"><b>Destination Concept Details</b></td><td><b>Comment</b></td></tr><tr><td colspan=\"2\"><b>Code</b> from http://ddent.ncpi.someplace.org/ddent-fhir/CodeSystems/DD/DbGAP/phs000888.v1/pht005581.v1.phs000888.v1</td><td/><td colspan=\"2\"><b>Code</b> from <a href=\"CodeSystem-umls.html\" title=\"https://uts.nlm.nih.gov/uts/umls\">UMLs CUIs</a></td><td/></tr><tr><td style=\"border-right-width: 0px; border-bottom-style: none\">phv00265019.v1</td><td style=\"border-left-width: 0px; border-bottom-style: none\"></td><td><a href=\"http://hl7.org/fhir/R4/codesystem-concept-map-equivalence.html#equivalent\">is equivalent to</a></td><td style=\"border-right-width: 0px\">C0424638</td><td style=\"border-left-width: 0px\">Height and weight</td><td>* Semantics: test\n * Assertion: present\n * Prob:  0.998\t\n * Loc: 0-40\n * Matched: Height of first qualifying height/weight\n * Source Text: Height of first qualifying height/weight measurement. NOTE: two measurements of &gt;= 99th percentile (BMI) are needed on different calendar days.  H1/W1 and H2/W2 should be the latest two qualifying measurements.</td></tr><tr><td style=\"border-right-width: 0px; border-top-style: none\"/><td style=\"border-left-width: 0px; border-top-style: none\"/><td><a href=\"http://hl7.org/fhir/R4/codesystem-concept-map-equivalence.html#equivalent\">is equivalent to</a></td><td style=\"border-right-width: 0px\">C0424638</td><td style=\"border-left-width: 0px\">Height and weight</td><td>* Semantics: test\n * Assertion: present\n * Prob:  0.998\t\n * Loc: 0-40\n * Matched: Height of first qualifying height/weight\n * Source Text: Height of first qualifying height/weight measurement. NOTE: two measurements of &gt;= 99th percentile (BMI) are needed on different calendar days.  H1/W1 and H2/W2 should be the latest two qualifying measurements.</td></tr></table><table class=\"grid\"><tr><td><b>Source Code</b></td><td><b>Relationship</b></td><td><b>Destination Code</b></td><td><b>Comment</b></td></tr><tr><td>phv00265018.v1</td><td><a href=\"http://hl7.org/fhir/R4/codesystem-concept-map-equivalence.html#equivalent\">is equivalent to</a></td><td>39156-5 (Body mass index (BMI) [Ratio])</td><td>* Semantics: test\n * Assertion: present\n * Prob:  0.937\t\n * Loc: 0-15\n * Matched: Body Mass Index\n * Source Text: Body Mass Index closest to reference date</td></tr></table><table class=\"grid\"><tr><td><b>Source Code</b></td><td><b>Relationship</b></td><td><b>Destination Code</b></td><td><b>Comment</b></td></tr><tr><td>phv00265049.v1</td><td><a href=\"http://hl7.org/fhir/R4/codesystem-concept-map-equivalence.html#equivalent\">is equivalent to</a></td><td>C0005893 (Body mass index procedure)</td><td>* Semantics: test\n * Assertion: present\n * Prob:  0.937\t\n * Loc: 0-15\n * Matched: Body Mass Index\n * Source Text: Body Mass Index closest to reference date</td></tr></table><table class=\"grid\"><tr><td><b>Source Code</b></td><td><b>Relationship</b></td><td><b>Destination Code</b></td><td><b>Comment</b></td></tr><tr><td>phv00265049.v1</td><td><a href=\"http://hl7.org/fhir/R4/codesystem-concept-map-equivalence.html#equivalent\">is equivalent to</a></td><td>39156-5 (Body mass index (BMI) [Ratio])</td><td>* Semantics: test\n * Assertion: present\n * Prob:  0.937\t\n * Loc: 0-15\n * Matched: Body Mass Index\n * Source Text: Body Mass Index closest to reference date</td></tr></table></div>"
  },
  "url": "http://ddent.ncpi.someplace.org/ddent-fhir/ConceptMap/DD/phs000888.v1.p1-DDtoCUI",
  "identifier": {
    "system": "http://ddent.ncpi.someplace.org/ddent-fhir/study/cm/dd-cui",
    "value": "phs000888.v1.p1"
  },
  "version": "0.1.0",
  "name": "phs000888.v1.p-DDtoCUI",
  "title": "Study Concept Map for eMERGE Network Imputed GWAS for 41 Phenotypes",
  "status": "draft",
  "experimental": false,
  "date": "2021-09-14T22:17:07+00:00",
  "publisher": "NCPI FHIR Working Group",
  "contact": [
    {
      "name": "NCPI FHIR Working Group",
      "telecom": [
        {
          "system": "url",
          "value": "https://github.com/nih-NCPI"
        }
      ]
    },
    {
      "name": "Eric Torstenson",
      "telecom": [
        {
          "system": "email",
          "value": "eric.s.torstenson@vumc.org",
          "use": "work"
        }
      ]
    }
  ],
  "description": "The electronic Medical Records and Genomics (eMERGE) Network is a consortium of ten participating sites",
  "sourceUri": "http://ddent.ncpi.someplace.org/ddent-fhir/ValueSet/DD/phs000888.v1.p1",
  "targetUri": "http://ddent.ncpi.someplace.org/ddent-fhir/ValueSet/CUI/phs000888.v1.p1",
  "group": [
    {
      "source": "http://ddent.ncpi.someplace.org/ddent-fhir/CodeSystems/DD/DbGAP/phs000888.v1/pht004678.v1.phs000888.v1",
      "target": "http://snomed.info/sct",
      "element": [
        {
          "code": "phv00225967.v1",
          "display": "CASE_CONTROL_AAA",
          "target": [
            {
              "code": "233985008",
              "display": "Abdominal aortic aneurysm",
              "equivalence": "equivalent",
              "comment": "* Semantics: problem\n * Assertion: present\n * Prob:  0.867\t\n * Loc: 23-48\n * Matched: Abdominal Aortic Aneurysm\n * Source Text: Case - control status: Abdominal Aortic Aneurysm"
            }
          ]
        }
      ]
    },
    {
      "source": "http://ddent.ncpi.someplace.org/ddent-fhir/CodeSystems/DD/DbGAP/phs000888.v1/pht004678.v1.phs000888.v1",
      "target": "https://uts.nlm.nih.gov/uts/umls",
      "element": [
        {
          "code": "phv00225967.v1",
          "display": "CASE_CONTROL_AAA",
          "target": [
            {
              "code": "C0162871",
              "display": "Abdominal aortic aneurysm",
              "equivalence": "equivalent",
              "comment": "* Semantics: problem\n * Assertion: present\n * Prob:  0.867\t\n * Loc: 23-48\n * Matched: Abdominal Aortic Aneurysm\n * Source Text: Case - control status: Abdominal Aortic Aneurysm"
            }
          ]
        }
      ]
    },
    {
      "source": "http://ddent.ncpi.someplace.org/ddent-fhir/CodeSystems/DD/DbGAP/phs000888.v1/pht004678.v1.phs000888.v1",
      "target": "http://loinc.org",
      "element": [
        {
          "code": "phv00225967.v1",
          "display": "CASE_CONTROL_AAA",
          "target": [
            {
              "code": "58266-8",
              "display": "Ever diagnosed by a doctor as having an abdominal aortic aneurysm",
              "equivalence": "equivalent",
              "comment": "* Semantics: problem\n * Assertion: present\n * Prob:  0.867\t\n * Loc: 23-48\n * Matched: Abdominal Aortic Aneurysm\n * Source Text: Case - control status: Abdominal Aortic Aneurysm"
            }
          ]
        }
      ]
    },
    {
      "source": "http://ddent.ncpi.someplace.org/ddent-fhir/CodeSystems/DD/DbGAP/phs000888.v1/Pht004680_v1.phs000888.v1",
      "target": "http://terminology.hl7.org/CodeSystem/umls",
      "element": [
        {
          "code": "phv00226015.v1.p1",
          "display": "HEIGHT",
          "target": [
            {
              "code": "C0005890",
              "display": "Body Height",
              "equivalence": "equivalent",
              "comment": "* Semantics: problem\n * Assertion: present\n * Prob:  0.962\t\n * Loc: 11-17\n * Matched: Height\n * Source Text: Subject's height at enrollment"
            }
          ]
        },
        {
          "code": "phv00226014.v1.p1",
          "display": "WEIGHT",
          "target": [
            {
              "code": "C0005910",
              "display": "Body Weight",
              "equivalence": "equivalent",
              "comment": "* Semantics: problem\n * Assertion: present\n * Prob:  0.962\t\n * Loc: 11-17\n * Matched: Weight\n * Source Text: Subject's weight at enrollment"
            }
          ]
        }
      ]
    },
    {
      "source": "http://ddent.ncpi.someplace.org/ddent-fhir/CodeSystems/DD/DbGAP/phs000888.v1/Pht004680_v1.phs000888.v1",
      "target": "http://loinc.org",
      "element": [
        {
          "code": "phv00226015.v1.p1",
          "display": "HEIGHT",
          "target": [
            {
              "code": "8302-2",
              "display": "Body height",
              "equivalence": "equivalent",
              "comment": "* Semantics: problem\n * Assertion: present\n * Prob:  0.962\t\n * Loc: 11-17\n * Matched: Height\n * Source Text: Subject's height at enrollment"
            }
          ]
        },
        {
          "code": "phv00226014.v1.p1",
          "display": "WEIGHT",
          "target": [
            {
              "code": "29463-7",
              "display": "Body Weight",
              "equivalence": "equivalent",
              "comment": "* Semantics: problem\n * Assertion: present\n * Prob:  0.962\t\n * Loc: 11-17\n * Matched: Weight\n * Source Text: Subject's weight at enrollment"
            }
          ]
        }
      ]
    },
    {
      "source": "http://ddent.ncpi.someplace.org/ddent-fhir/CodeSystems/DD/DbGAP/phs000888.v1/pht005581.v1.phs000888.v1",
      "target": "https://uts.nlm.nih.gov/uts/umls",
      "element": [
        {
          "code": "phv00265019.v1",
          "display": "W1",
          "target": [
            {
              "code": "C0424638",
              "display": "Height and weight",
              "equivalence": "equivalent",
              "comment": "* Semantics: test\n * Assertion: present\n * Prob:  0.998\t\n * Loc: 0-40\n * Matched: Height of first qualifying height/weight\n * Source Text: Height of first qualifying height/weight measurement. NOTE: two measurements of >= 99th percentile (BMI) are needed on different calendar days.  H1/W1 and H2/W2 should be the latest two qualifying measurements."
            },
            {
              "code": "C0424638",
              "display": "Height and Weight",
              "equivalence": "equivalent",
              "comment": "* Semantics: test\n * Assertion: present\n * Prob:  0.998\t\n * Loc: 0-40\n * Matched: Height of first qualifying height/weight\n * Source Text: Height of first qualifying height/weight measurement. NOTE: two measurements of >= 99th percentile (BMI) are needed on different calendar days.  H1/W1 and H2/W2 should be the latest two qualifying measurements."
            }
          ]
        }
      ]
    },
    {
      "source": "http://ddent.ncpi.someplace.org/ddent-fhir/CodeSystems/DD/DbGAP/phs000888.v1/pht005581.v1.phs000888.v1",
      "target": "http://loinc.org",
      "element": [
        {
          "code": "phv00265018.v1",
          "display": "H1",
          "target": [
            {
              "code": "39156-5",
              "display": "Body mass index (BMI) [Ratio]",
              "equivalence": "equivalent",
              "comment": "* Semantics: test\n * Assertion: present\n * Prob:  0.937\t\n * Loc: 0-15\n * Matched: Body Mass Index\n * Source Text: Body Mass Index closest to reference date"
            }
          ]
        }
      ]
    },
    {
      "source": "http://ddent.ncpi.someplace.org/ddent-fhir/CodeSystems/DD/DbGAP/phs000888.v1/pht005584.v1.phs000888.v1",
      "target": "https://uts.nlm.nih.gov/uts/umls",
      "element": [
        {
          "code": "phv00265049.v1",
          "display": "BMI",
          "target": [
            {
              "code": "C0005893",
              "display": "Body mass index procedure",
              "equivalence": "equivalent",
              "comment": "* Semantics: test\n * Assertion: present\n * Prob:  0.937\t\n * Loc: 0-15\n * Matched: Body Mass Index\n * Source Text: Body Mass Index closest to reference date"
            }
          ]
        }
      ]
    },
    {
      "source": "http://ddent.ncpi.someplace.org/ddent-fhir/CodeSystems/DD/DbGAP/phs000888.v1/pht005584.v1.phs000888.v1",
      "target": "http://loinc.org",
      "element": [
        {
          "code": "phv00265049.v1",
          "display": "BMI",
          "target": [
            {
              "code": "39156-5",
              "display": "Body mass index (BMI) [Ratio]",
              "equivalence": "equivalent",
              "comment": "* Semantics: test\n * Assertion: present\n * Prob:  0.937\t\n * Loc: 0-15\n * Matched: Body Mass Index\n * Source Text: Body Mass Index closest to reference date"
            }
          ]
        }
      ]
    }
  ]
}