{
  "resourceType": "Group",
  "id": "research-group-phs000888-all",
  "text": {
    "status": "generated",
    "div": "<div xmlns=\"http://www.w3.org/1999/xhtml\"><p><b>Generated Narrative</b></p><p><b>type</b>: person</p><p><b>actual</b>: true</p><p><b>name</b>: all study members</p><p><b>quantity</b>: 1</p><h3>Characteristics</h3><table class=\"grid\"><tr><td>-</td><td><b>Code</b></td><td><b>Value[x]</b></td><td><b>Exclude</b></td></tr><tr><td>*</td><td><span title=\"Codes: {https://uts.nlm.nih.gov/uts/umls C0947630}\">Scientific Study</span></td><td><span title=\"Codes: {https://www.ncbi.nlm.nih.gov/projects/gap/group-identifier/phs000888 AllSubjects}\">All subjects</span></td><td>false</td></tr></table><blockquote><p><b>member</b></p><p><b>entity</b>: <a href=\"Patient-patient-example-pt001.html\">Generated Summary: </a></p></blockquote><blockquote><p><b>member</b></p><p><b>entity</b>: <a href=\"Patient-patient-example-pt002.html\">Generated Summary: </a></p></blockquote><blockquote><p><b>member</b></p><p><b>entity</b>: <a href=\"Patient-patient-example-pt003.html\">Generated Summary: </a></p></blockquote><blockquote><p><b>member</b></p><p><b>entity</b>: <a href=\"Patient-patient-example-pt004.html\">Generated Summary: </a></p></blockquote><blockquote><p><b>member</b></p><p><b>entity</b>: <a href=\"Patient-patient-example-pt005.html\">Generated Summary: </a></p></blockquote></div>"
  },
  "type": "person",
  "actual": true,
  "name": "all study members",
  "quantity": 1,
  "characteristic": [
    {
      "code": {
        "coding": [
          {
            "system": "https://uts.nlm.nih.gov/uts/umls",
            "code": "C0947630",
            "display": "Scientific Study"
          }
        ]
      },
      "valueCodeableConcept": {
        "coding": [
          {
            "system": "https://www.ncbi.nlm.nih.gov/projects/gap/group-identifier/phs000888",
            "code": "AllSubjects"
          }
        ]
      },
      "exclude": false
    }
  ],
  "member": [
    {
      "entity": {
        "reference": "Patient/patient-example-pt001"
      }
    },
    {
      "entity": {
        "reference": "Patient/patient-example-pt002"
      }
    },
    {
      "entity": {
        "reference": "Patient/patient-example-pt003"
      }
    },
    {
      "entity": {
        "reference": "Patient/patient-example-pt004"
      }
    },
    {
      "entity": {
        "reference": "Patient/patient-example-pt005"
      }
    }
  ]
}