{
  "resourceType": "Observation",
  "id": "observation-summary-weight-all",
  "text": {
    "status": "generated",
    "div": "<div xmlns=\"http://www.w3.org/1999/xhtml\"><p><b>Generated Narrative</b></p><p></p><p><b>code</b>: <span title=\"Codes: {https://www.ncbi.nlm.nih.gov/projects/gap/cgi-bin/dataset.cgi?study_id=phs000888.v1.p1&amp;pht=4680 phv00226014.v1.p1}\">WEIGHT</span></p><p><b>subject</b>: <a href=\"Group-research-group-phs000888-all.html\">Generated Summary: type: person; actual; name: all study members; 1</a></p><p><b>focus</b>: <a href=\"ObservationDefinition-observation-definition-example-phv00226014.html\">Generated Summary: <span title=\"Codes: {https://www.ncbi.nlm.nih.gov/projects/gap/cgi-bin/dataset.cgi?study_id=phs000888.v1.p1&amp;pht=4680 phv00226014.v1.p1}\">WEIGHT</span>; permittedDataType: Quantity</a></p><p><b>value</b>: 2096779 C1515051</p><blockquote><p><b>component</b></p><p><b>code</b>: <span title=\"Codes: {https://uts.nlm.nih.gov/uts/umls C1524031}\">Minimum</span></p><p><b>value</b>: 30 C1515051</p></blockquote><blockquote><p><b>component</b></p><p><b>code</b>: <span title=\"Codes: {https://uts.nlm.nih.gov/uts/umls C0876920}\">Median</span></p><p><b>value</b>: 84.41 C1515051</p></blockquote><blockquote><p><b>component</b></p><p><b>code</b>: <span title=\"Codes: {https://uts.nlm.nih.gov/uts/umls C0806909}\">Maximum</span></p><p><b>value</b>: 206 C1515051</p></blockquote><blockquote><p><b>component</b></p><p><b>code</b>: <span title=\"Codes: {https://uts.nlm.nih.gov/uts/umls C0444504}\">Mean</span></p><p><b>value</b>: 87.73 C1515051</p></blockquote><blockquote><p><b>component</b></p><p><b>code</b>: <span title=\"Codes: {https://uts.nlm.nih.gov/uts/umls C0871420}\">Std</span></p><p><b>value</b>: 23.44 C1515051</p></blockquote></div>"
  },
  "status": "final",
  "code": {
    "coding": [
      {
        "system": "https://www.ncbi.nlm.nih.gov/projects/gap/cgi-bin/dataset.cgi?study_id=phs000888.v1.p1&pht=4680",
        "code": "phv00226014.v1.p1",
        "display": "WEIGHT"
      }
    ]
  },
  "subject": {
    "reference": "Group/research-group-phs000888-all"
  },
  "focus": [
    {
      "reference": "ObservationDefinition/observation-definition-example-phv00226014"
    }
  ],
  "valueQuantity": {
    "value": 2096779,
    "system": "https://uts.nlm.nih.gov/uts/umls",
    "code": "C1515051"
  },
  "component": [
    {
      "code": {
        "coding": [
          {
            "system": "https://uts.nlm.nih.gov/uts/umls",
            "code": "C1524031",
            "display": "Minimum"
          }
        ]
      },
      "valueQuantity": {
        "value": 30,
        "system": "https://uts.nlm.nih.gov/uts/umls",
        "code": "C1515051"
      }
    },
    {
      "code": {
        "coding": [
          {
            "system": "https://uts.nlm.nih.gov/uts/umls",
            "code": "C0876920",
            "display": "Median"
          }
        ]
      },
      "valueQuantity": {
        "value": 84.41,
        "system": "https://uts.nlm.nih.gov/uts/umls",
        "code": "C1515051"
      }
    },
    {
      "code": {
        "coding": [
          {
            "system": "https://uts.nlm.nih.gov/uts/umls",
            "code": "C0806909",
            "display": "Maximum"
          }
        ]
      },
      "valueQuantity": {
        "value": 206,
        "system": "https://uts.nlm.nih.gov/uts/umls",
        "code": "C1515051"
      }
    },
    {
      "code": {
        "coding": [
          {
            "system": "https://uts.nlm.nih.gov/uts/umls",
            "code": "C0444504",
            "display": "Mean"
          }
        ]
      },
      "valueQuantity": {
        "value": 87.73,
        "system": "https://uts.nlm.nih.gov/uts/umls",
        "code": "C1515051"
      }
    },
    {
      "code": {
        "coding": [
          {
            "system": "https://uts.nlm.nih.gov/uts/umls",
            "code": "C0871420",
            "display": "Std"
          }
        ]
      },
      "valueQuantity": {
        "value": 23.44,
        "system": "https://uts.nlm.nih.gov/uts/umls",
        "code": "C1515051"
      }
    }
  ]
}