{
  "resourceType": "Observation",
  "id": "observation-summary-height-hmb",
  "text": {
    "status": "generated",
    "div": "<div xmlns=\"http://www.w3.org/1999/xhtml\"><p><b>Generated Narrative</b></p><p></p><p><b>code</b>: <span title=\"Codes: {https://www.ncbi.nlm.nih.gov/projects/gap/cgi-bin/dataset.cgi?study_id=phs000888.v1.p1&amp;pht=4680 phv00226015.v1.p1}\">HEIGHT</span></p><p><b>subject</b>: <a href=\"Group-research-group-phs000888-hmb.html\">Generated Summary: type: person; actual; name: Consented with HMB; 1</a></p><p><b>focus</b>: <a href=\"ObservationDefinition-observation-definition-example-phv00226015.html\">Generated Summary: <span title=\"Codes: {https://www.ncbi.nlm.nih.gov/projects/gap/cgi-bin/dataset.cgi?study_id=phs000888.v1.p1&amp;pht=4680 phv00226015.v1.p1}\">HEIGHT</span>; permittedDataType: Quantity</a></p><p><b>value</b>: 1188121 C1515051</p><blockquote><p><b>component</b></p><p><b>code</b>: <span title=\"Codes: {https://uts.nlm.nih.gov/uts/umls C1524031}\">Minimum</span></p><p><b>value</b>: 33.02 C1515051</p></blockquote><blockquote><p><b>component</b></p><p><b>code</b>: <span title=\"Codes: {https://uts.nlm.nih.gov/uts/umls C0876920}\">Median</span></p><p><b>value</b>: 168.7 C1515051</p></blockquote><blockquote><p><b>component</b></p><p><b>code</b>: <span title=\"Codes: {https://uts.nlm.nih.gov/uts/umls C0806909}\">Maximum</span></p><p><b>value</b>: 203.2 C1515051</p></blockquote><blockquote><p><b>component</b></p><p><b>code</b>: <span title=\"Codes: {https://uts.nlm.nih.gov/uts/umls C0444504}\">Mean</span></p><p><b>value</b>: 169.2 C1515051</p></blockquote><blockquote><p><b>component</b></p><p><b>code</b>: <span title=\"Codes: {https://uts.nlm.nih.gov/uts/umls C0871420}\">Std</span></p><p><b>value</b>: 10 C1515051</p></blockquote></div>"
  },
  "status": "final",
  "code": {
    "coding": [
      {
        "system": "https://www.ncbi.nlm.nih.gov/projects/gap/cgi-bin/dataset.cgi?study_id=phs000888.v1.p1&pht=4680",
        "code": "phv00226015.v1.p1",
        "display": "HEIGHT"
      }
    ]
  },
  "subject": {
    "reference": "Group/research-group-phs000888-hmb"
  },
  "focus": [
    {
      "reference": "ObservationDefinition/observation-definition-example-phv00226015"
    }
  ],
  "valueQuantity": {
    "value": 1188121,
    "system": "https://uts.nlm.nih.gov/uts/umls",
    "code": "C1515051"
  },
  "component": [
    {
      "code": {
        "coding": [
          {
            "system": "https://uts.nlm.nih.gov/uts/umls",
            "code": "C1524031",
            "display": "Minimum"
          }
        ]
      },
      "valueQuantity": {
        "value": 33.02,
        "system": "https://uts.nlm.nih.gov/uts/umls",
        "code": "C1515051"
      }
    },
    {
      "code": {
        "coding": [
          {
            "system": "https://uts.nlm.nih.gov/uts/umls",
            "code": "C0876920",
            "display": "Median"
          }
        ]
      },
      "valueQuantity": {
        "value": 168.7,
        "system": "https://uts.nlm.nih.gov/uts/umls",
        "code": "C1515051"
      }
    },
    {
      "code": {
        "coding": [
          {
            "system": "https://uts.nlm.nih.gov/uts/umls",
            "code": "C0806909",
            "display": "Maximum"
          }
        ]
      },
      "valueQuantity": {
        "value": 203.2,
        "system": "https://uts.nlm.nih.gov/uts/umls",
        "code": "C1515051"
      }
    },
    {
      "code": {
        "coding": [
          {
            "system": "https://uts.nlm.nih.gov/uts/umls",
            "code": "C0444504",
            "display": "Mean"
          }
        ]
      },
      "valueQuantity": {
        "value": 169.2,
        "system": "https://uts.nlm.nih.gov/uts/umls",
        "code": "C1515051"
      }
    },
    {
      "code": {
        "coding": [
          {
            "system": "https://uts.nlm.nih.gov/uts/umls",
            "code": "C0871420",
            "display": "Std"
          }
        ]
      },
      "valueQuantity": {
        "value": 10,
        "system": "https://uts.nlm.nih.gov/uts/umls",
        "code": "C1515051"
      }
    }
  ]
}