{
  "resourceType": "ValueSet",
  "id": "phs000888.v1.p1-cuis",
  "text": {
    "status": "generated",
    "div": "<div xmlns=\"http://www.w3.org/1999/xhtml\"><p>This value set includes codes based on the following rules:</p><ul><li>Include these codes as defined in <a href=\"http://www.snomed.org/\"><code>http://snomed.info/sct</code></a><table class=\"none\"><tr><td style=\"white-space:nowrap\"><b>Code</b></td><td><b>Display</b></td></tr><tr><td><a href=\"http://browser.ihtsdotools.org/?perspective=full&amp;conceptId1=233985008\">233985008</a></td><td>Abdominal aortic aneurysm</td></tr></table></li><li>Include these codes as defined in <a href=\"CodeSystem-umls.html\"><code>https://uts.nlm.nih.gov/uts/umls</code></a><table class=\"none\"><tr><td style=\"white-space:nowrap\"><b>Code</b></td><td><b>Display</b></td></tr><tr><td>C0162871</td><td>Abdominal aortic aneurysm</td></tr><tr><td>C0005890</td><td>Body Height</td></tr><tr><td>C0005910</td><td>Body Weight</td></tr><tr><td>C1305855</td><td>Body mass index</td></tr><tr><td>C0005893</td><td>Body mass index procedure</td></tr><tr><td>C0424638</td><td>Height and weight</td></tr></table></li><li>Include these codes as defined in <a href=\"http://loinc.org\"><code>http://loinc.org</code></a><table class=\"none\"><tr><td style=\"white-space:nowrap\"><b>Code</b></td><td><b>Display</b></td></tr><tr><td><a href=\"http://details.loinc.org/LOINC/8302-2.html\">8302-2</a></td><td>Body height</td></tr><tr><td><a href=\"http://details.loinc.org/LOINC/29463-7.html\">29463-7</a></td><td>Body Weight</td></tr><tr><td><a href=\"http://details.loinc.org/LOINC/39156-5.html\">39156-5</a></td><td>Body mass index (BMI) [Ratio]</td></tr><tr><td><a href=\"http://details.loinc.org/LOINC/58266-8.html\">58266-8</a></td><td>Ever diagnosed by a doctor as having an abdominal aortic aneurysm</td></tr></table></li></ul></div>"
  },
  "url": "https://nih-NCPI.github.io/ncpi-dd-on-fhir-ig/ValueSet/phs000888.v1.p1-cuis",
  "version": "0.1.0",
  "name": "Phs000888_v1_p1_CUIs",
  "title": "CUIs mapped to phs000888.v1.p1",
  "status": "active",
  "date": "2021-09-14T22:17:07+00:00",
  "publisher": "NCPI FHIR Working Group",
  "contact": [
    {
      "name": "NCPI FHIR Working Group",
      "telecom": [
        {
          "system": "url",
          "value": "https://github.com/nih-NCPI"
        }
      ]
    },
    {
      "name": "Eric Torstenson",
      "telecom": [
        {
          "system": "email",
          "value": "eric.s.torstenson@vumc.org",
          "use": "work"
        }
      ]
    }
  ],
  "description": "CUIs mapped to phs000888.v1.p1",
  "compose": {
    "include": [
      {
        "system": "http://snomed.info/sct",
        "concept": [
          {
            "code": "233985008"
          }
        ]
      },
      {
        "system": "https://uts.nlm.nih.gov/uts/umls",
        "concept": [
          {
            "code": "C0162871",
            "display": "Abdominal aortic aneurysm"
          },
          {
            "code": "C0005890",
            "display": "Body Height"
          },
          {
            "code": "C0005910",
            "display": "Body Weight"
          },
          {
            "code": "C1305855",
            "display": "Body mass index"
          },
          {
            "code": "C0005893",
            "display": "Body mass index procedure"
          },
          {
            "code": "C0424638",
            "display": "Height and weight"
          }
        ]
      },
      {
        "system": "http://loinc.org",
        "concept": [
          {
            "code": "8302-2",
            "display": "Body height"
          },
          {
            "code": "29463-7",
            "display": "Body Weight"
          },
          {
            "code": "39156-5",
            "display": "Body mass index (BMI) [Ratio]"
          },
          {
            "code": "58266-8",
            "display": "Ever diagnosed by a doctor as having an abdominal aortic aneurysm"
          }
        ]
      }
    ]
  }
}