{
  "resourceType": "ValueSet",
  "id": "phs000888.pht004678.phv00225963-vs",
  "text": {
    "status": "extensions",
    "div": "<div xmlns=\"http://www.w3.org/1999/xhtml\"><p>This value set includes codes based on the following rules:</p><ul><li>Include these codes as defined in <a href=\"CodeSystem-phs000888.pht004678.phv00225963.v1.p1.html\"><code>https://www.ncbi.nlm.nih.gov/projects/gap/cgi-bin/variable.cgi?study_id=phs000888.v1.p1&amp;phv=225963</code></a><table class=\"none\"><tr><td style=\"white-space:nowrap\"><b>Code</b></td><td><b>Display</b></td></tr><tr><td><a href=\"CodeSystem-phs000888.pht004678.phv00225963.v1.p1.html#phs000888.pht004678.phv00225963.v1.p1-1\">1</a></td><td>1900-1919</td></tr><tr><td><a href=\"CodeSystem-phs000888.pht004678.phv00225963.v1.p1.html#phs000888.pht004678.phv00225963.v1.p1-2\">2</a></td><td>1920-1929</td></tr><tr><td><a href=\"CodeSystem-phs000888.pht004678.phv00225963.v1.p1.html#phs000888.pht004678.phv00225963.v1.p1-3\">3</a></td><td>1930-1939</td></tr><tr><td><a href=\"CodeSystem-phs000888.pht004678.phv00225963.v1.p1.html#phs000888.pht004678.phv00225963.v1.p1-4\">4</a></td><td>1940-1949</td></tr><tr><td><a href=\"CodeSystem-phs000888.pht004678.phv00225963.v1.p1.html#phs000888.pht004678.phv00225963.v1.p1-5\">5</a></td><td>1950-1959</td></tr><tr><td><a href=\"CodeSystem-phs000888.pht004678.phv00225963.v1.p1.html#phs000888.pht004678.phv00225963.v1.p1-6\">6</a></td><td>1960-1960</td></tr><tr><td><a href=\"CodeSystem-phs000888.pht004678.phv00225963.v1.p1.html#phs000888.pht004678.phv00225963.v1.p1-7\">7</a></td><td>1970-1979</td></tr><tr><td><a href=\"CodeSystem-phs000888.pht004678.phv00225963.v1.p1.html#phs000888.pht004678.phv00225963.v1.p1-8\">8</a></td><td>1980-1989</td></tr><tr><td><a href=\"CodeSystem-phs000888.pht004678.phv00225963.v1.p1.html#phs000888.pht004678.phv00225963.v1.p1-9\">9</a></td><td>1990-1999</td></tr><tr><td><a href=\"CodeSystem-phs000888.pht004678.phv00225963.v1.p1.html#phs000888.pht004678.phv00225963.v1.p1-10\">10</a></td><td>Year 2000 and later</td></tr></table></li><li>Include these codes as defined in <a href=\"CodeSystem-umls.html\"><code>https://uts.nlm.nih.gov/uts/umls</code></a><table class=\"none\"><tr><td style=\"white-space:nowrap\"><b>Code</b></td><td><b>Display</b></td><td><b>Definition</b></td></tr><tr><td>C1705492</td><td>Missing</td><td>Not existing; not able to be found</td></tr><tr><td>C439673</td><td>Unknown</td><td>Not known, not observed, not recorded, or refused.</td></tr></table></li></ul></div>"
  },
  "url": "https://nih-NCPI.github.io/ncpi-dd-on-fhir-ig/ValueSet/phs000888.pht004678.phv00225963-vs",
  "version": "0.1.0",
  "name": "Phv00225963_vs",
  "title": "Values_for_Phv00225963-vs",
  "status": "active",
  "date": "2021-09-14T22:17:05+00:00",
  "publisher": "NCPI FHIR Working Group",
  "contact": [
    {
      "name": "NCPI FHIR Working Group",
      "telecom": [
        {
          "system": "url",
          "value": "https://github.com/nih-NCPI"
        }
      ]
    },
    {
      "name": "Eric Torstenson",
      "telecom": [
        {
          "system": "email",
          "value": "eric.s.torstenson@vumc.org",
          "use": "work"
        }
      ]
    }
  ],
  "description": "Values allowed for Phv00225962",
  "compose": {
    "include": [
      {
        "system": "https://www.ncbi.nlm.nih.gov/projects/gap/cgi-bin/variable.cgi?study_id=phs000888.v1.p1&phv=225963",
        "concept": [
          {
            "code": "1",
            "display": "1900-1919"
          },
          {
            "code": "2",
            "display": "1920-1929"
          },
          {
            "code": "3",
            "display": "1930-1939"
          },
          {
            "code": "4",
            "display": "1940-1949"
          },
          {
            "code": "5",
            "display": "1950-1959"
          },
          {
            "code": "6",
            "display": "1960-1960"
          },
          {
            "code": "7",
            "display": "1970-1979"
          },
          {
            "code": "8",
            "display": "1980-1989"
          },
          {
            "code": "9",
            "display": "1990-1999"
          },
          {
            "code": "10",
            "display": "Year 2000 and later"
          }
        ]
      },
      {
        "system": "https://uts.nlm.nih.gov/uts/umls",
        "concept": [
          {
            "code": "C1705492",
            "display": "Missing"
          },
          {
            "code": "C439673",
            "display": "Unknown"
          }
        ]
      }
    ]
  }
}